citation_id,citing_id,cited_id,label,anomaly_type,semantic_similarity,weak_citation_score,temporal_valid,is_existing_citation
WCA_00000,https://openalex.org/W385300377,https://openalex.org/W371522439,1,weak_citation,0.8927698135375977,0.9765834989613195,True,False
WCA_00001,https://openalex.org/W385300377,https://openalex.org/W780101781,1,weak_citation,0.8941327333450317,0.9750854521409593,True,False
WCA_00002,https://openalex.org/W385300377,https://openalex.org/W764297042,1,weak_citation,0.8944551944732666,0.9747175803390616,True,False
WCA_00003,https://openalex.org/W221985417,https://openalex.org/W371522439,1,weak_citation,0.8904811143875122,0.9789035805164497,True,False
WCA_00004,https://openalex.org/W221985417,https://openalex.org/W640358209,1,weak_citation,0.8911726474761963,0.9782273415072794,True,False
WCA_00005,https://openalex.org/W221985417,https://openalex.org/W91448825,1,weak_citation,0.8911776542663574,0.9782223689749958,True,False
WCA_00006,https://openalex.org/W907238538,https://openalex.org/W371522439,1,weak_citation,0.8904604315757751,0.9789234861576859,True,False
WCA_00007,https://openalex.org/W907238538,https://openalex.org/W91448825,1,weak_citation,0.8906428813934326,0.9787472561876053,True,False
WCA_00008,https://openalex.org/W907238538,https://openalex.org/W640358209,1,weak_citation,0.8911758065223694,0.9782242042054576,True,False
WCA_00009,https://openalex.org/W227907366,https://openalex.org/W371522439,1,weak_citation,0.8909408450126648,0.978456346354636,True,False
WCA_00010,https://openalex.org/W227907366,https://openalex.org/W91448825,1,weak_citation,0.891004204750061,0.9783939862804885,True,False
WCA_00011,https://openalex.org/W227907366,https://openalex.org/W140175138,1,weak_citation,0.891660213470459,0.9777378654126702,True,False
WCA_00012,https://openalex.org/W734636684,https://openalex.org/W371522439,1,weak_citation,0.8918447494506836,0.9775498147330014,True,False
WCA_00013,https://openalex.org/W734636684,https://openalex.org/W91448825,1,weak_citation,0.8919945955276489,0.9773959736500606,True,False
WCA_00014,https://openalex.org/W734636684,https://openalex.org/W140175138,1,weak_citation,0.8925566673278809,0.9768096881515491,True,False
WCA_00015,https://openalex.org/W941255612,https://openalex.org/W371522439,1,weak_citation,0.891849160194397,0.9775453010424477,True,False
WCA_00016,https://openalex.org/W941255612,https://openalex.org/W91448825,1,weak_citation,0.8921614289283752,0.9772234806893607,True,False
WCA_00017,https://openalex.org/W941255612,https://openalex.org/W140175138,1,weak_citation,0.8924931287765503,0.9768767011409634,True,False
WCA_00018,https://openalex.org/W550635983,https://openalex.org/W371522439,1,weak_citation,0.8917628526687622,0.9776334621249181,True,False
WCA_00019,https://openalex.org/W550635983,https://openalex.org/W780101781,1,weak_citation,0.8946828842163086,0.9744546446781527,True,False
WCA_00020,https://openalex.org/W550635983,https://openalex.org/W764297042,1,weak_citation,0.8952102661132812,0.9738353582063026,True,False
WCA_00021,https://openalex.org/W244838690,https://openalex.org/W371522439,1,weak_citation,0.892737627029419,0.9766177925667031,True,False
WCA_00022,https://openalex.org/W244838690,https://openalex.org/W91448825,1,weak_citation,0.8931326866149902,0.9761934580133217,True,False
WCA_00023,https://openalex.org/W244838690,https://openalex.org/W140175138,1,weak_citation,0.8933842182159424,0.9759193823903547,True,False
WCA_00024,https://openalex.org/W167730738,https://openalex.org/W371522439,1,weak_citation,0.8924368619918823,0.9769358868541731,True,False
WCA_00025,https://openalex.org/W167730738,https://openalex.org/W91448825,1,weak_citation,0.89280766248703,0.9765431094138227,True,False
WCA_00026,https://openalex.org/W167730738,https://openalex.org/W140175138,1,weak_citation,0.8930754661560059,0.9762553807831907,True,False
WCA_00027,https://openalex.org/W786913578,https://openalex.org/W371522439,1,weak_citation,0.8927789926528931,0.9765737099400637,True,False
WCA_00028,https://openalex.org/W786913578,https://openalex.org/W91448825,1,weak_citation,0.8932330012321472,0.9760845192427251,True,False
WCA_00029,https://openalex.org/W786913578,https://openalex.org/W140175138,1,weak_citation,0.8934309482574463,0.9758681261669822,True,False
WCA_00030,https://openalex.org/W586641115,https://openalex.org/W371522439,1,weak_citation,0.8926634192466736,0.9766966716859085,True,False
WCA_00031,https://openalex.org/W586641115,https://openalex.org/W91448825,1,weak_citation,0.8931048512458801,0.9762236005150605,True,False
WCA_00032,https://openalex.org/W586641115,https://openalex.org/W140175138,1,weak_citation,0.8931422829627991,0.9761830576334236,True,False
WCA_00033,https://openalex.org/W368131351,https://openalex.org/W371522439,1,weak_citation,0.8924031257629395,0.9769713022470417,True,False
WCA_00034,https://openalex.org/W368131351,https://openalex.org/W140175138,1,weak_citation,0.893158495426178,0.9761654767339728,True,False
WCA_00035,https://openalex.org/W368131351,https://openalex.org/W65585684,1,weak_citation,0.893459677696228,0.9758365612496677,True,False
WCA_00036,https://openalex.org/W572550859,https://openalex.org/W371522439,1,weak_citation,0.8923338055610657,0.9770439061747681,True,False
WCA_00037,https://openalex.org/W572550859,https://openalex.org/W780101781,1,weak_citation,0.8952796459197998,0.9737528080872904,True,False
WCA_00038,https://openalex.org/W572550859,https://openalex.org/W764297042,1,weak_citation,0.8953192234039307,0.9737056041807554,True,False
WCA_00039,https://openalex.org/W377593012,https://openalex.org/W371522439,1,weak_citation,0.8926249742507935,0.9767374345702644,True,False
WCA_00040,https://openalex.org/W377593012,https://openalex.org/W91448825,1,weak_citation,0.8931779265403748,0.9761443888278444,True,False
WCA_00041,https://openalex.org/W377593012,https://openalex.org/W140175138,1,weak_citation,0.8932588696479797,0.9760563481139336,True,False
WCA_00042,https://openalex.org/W539142112,https://openalex.org/W371522439,1,weak_citation,0.8942947387695312,0.9749012889024319,True,False
WCA_00043,https://openalex.org/W539142112,https://openalex.org/W140175138,1,weak_citation,0.895002007484436,0.9740816357584147,True,False
WCA_00044,https://openalex.org/W539142112,https://openalex.org/W91448825,1,weak_citation,0.8952519297599792,0.9737858159379263,True,False
WCA_00045,https://openalex.org/W888638595,https://openalex.org/W371522439,1,weak_citation,0.8945187926292419,0.9746444037959762,True,False
WCA_00046,https://openalex.org/W888638595,https://openalex.org/W140175138,1,weak_citation,0.8952544927597046,0.9737827652947252,True,False
WCA_00047,https://openalex.org/W888638595,https://openalex.org/W65585684,1,weak_citation,0.8956204652786255,0.9733435974204608,True,False
WCA_00048,https://openalex.org/W71490114,https://openalex.org/W371522439,1,weak_citation,0.893380880355835,0.9759230394833879,True,False
WCA_00049,https://openalex.org/W71490114,https://openalex.org/W140175138,1,weak_citation,0.8939562439918518,0.9752845816949915,True,False
WCA_00050,https://openalex.org/W71490114,https://openalex.org/W91448825,1,weak_citation,0.8942524194717407,0.9749495238812672,True,False
WCA_00051,https://openalex.org/W160229267,https://openalex.org/W371522439,1,weak_citation,0.8942932486534119,0.9749029888531314,True,False
WCA_00052,https://openalex.org/W160229267,https://openalex.org/W140175138,1,weak_citation,0.894849419593811,0.9742606457778971,True,False
WCA_00053,https://openalex.org/W160229267,https://openalex.org/W91448825,1,weak_citation,0.8952813148498535,0.9737508192273776,True,False
WCA_00054,https://openalex.org/W804407853,https://openalex.org/W371522439,1,weak_citation,0.8916307687759399,0.9777677281735476,True,False
WCA_00055,https://openalex.org/W804407853,https://openalex.org/W764297042,1,weak_citation,0.8944693803787231,0.9747012757693019,True,False
WCA_00056,https://openalex.org/W804407853,https://openalex.org/W780101781,1,weak_citation,0.8947514295578003,0.9743749684694483,True,False
WCA_00057,https://openalex.org/W228202126,https://openalex.org/W371522439,1,weak_citation,0.891136109828949,0.9782635955580166,True,False
WCA_00058,https://openalex.org/W228202126,https://openalex.org/W140175138,1,weak_citation,0.8920828104019165,0.9773049258142932,True,False
WCA_00059,https://openalex.org/W228202126,https://openalex.org/W65585684,1,weak_citation,0.8922092318534851,0.9771738196047852,True,False
WCA_00060,https://openalex.org/W858052057,https://openalex.org/W371522439,1,weak_citation,0.8921530246734619,0.9772322007144585,True,False
WCA_00061,https://openalex.org/W858052057,https://openalex.org/W140175138,1,weak_citation,0.8925883769989014,0.9767761736360845,True,False
WCA_00062,https://openalex.org/W858052057,https://openalex.org/W65585684,1,weak_citation,0.8927911520004272,0.9765607365152654,True,False
WCA_00063,https://openalex.org/W620212507,https://openalex.org/W371522439,1,weak_citation,0.892121434211731,0.9772649489594989,True,False
WCA_00064,https://openalex.org/W620212507,https://openalex.org/W65585684,1,weak_citation,0.8931100368499756,0.9762179879261607,True,False
WCA_00065,https://openalex.org/W620212507,https://openalex.org/W869570009,1,weak_citation,0.8931930065155029,0.9761280105168699,True,False
WCA_00066,https://openalex.org/W95472119,https://openalex.org/W371522439,1,weak_citation,0.8930467367172241,0.9762864118879261,True,False
WCA_00067,https://openalex.org/W95472119,https://openalex.org/W140175138,1,weak_citation,0.8937835693359375,0.975477905534593,True,False
WCA_00068,https://openalex.org/W95472119,https://openalex.org/W65585684,1,weak_citation,0.8940446376800537,0.9751850434501209,True,False
WCA_00069,https://openalex.org/W168090644,https://openalex.org/W371522439,1,weak_citation,0.892802357673645,0.9765487744053368,True,False
WCA_00070,https://openalex.org/W168090644,https://openalex.org/W140175138,1,weak_citation,0.8934177160263062,0.9758826508357811,True,False
WCA_00071,https://openalex.org/W168090644,https://openalex.org/W91448825,1,weak_citation,0.8935813903808594,0.9757023888184527,True,False
WCA_00072,https://openalex.org/W887697504,https://openalex.org/W371522439,1,weak_citation,0.8926362991333008,0.9767254341362802,True,False
WCA_00073,https://openalex.org/W887697504,https://openalex.org/W764297042,1,weak_citation,0.8952798843383789,0.9737525239734234,True,False
WCA_00074,https://openalex.org/W887697504,https://openalex.org/W780101781,1,weak_citation,0.8955965042114258,0.9733725683684703,True,False
WCA_00075,https://openalex.org/W51890768,https://openalex.org/W371522439,1,weak_citation,0.8925598859786987,0.976806288456475,True,False
WCA_00076,https://openalex.org/W51890768,https://openalex.org/W140175138,1,weak_citation,0.8933826684951782,0.9759210803937775,True,False
WCA_00077,https://openalex.org/W51890768,https://openalex.org/W65585684,1,weak_citation,0.8934323191642761,0.9758666208713267,True,False
WCA_00078,https://openalex.org/W786156825,https://openalex.org/W371522439,1,weak_citation,0.8923187255859375,0.9770596708676671,True,False
WCA_00079,https://openalex.org/W786156825,https://openalex.org/W140175138,1,weak_citation,0.8928616046905518,0.9764854288332961,True,False
WCA_00080,https://openalex.org/W786156825,https://openalex.org/W91448825,1,weak_citation,0.8928750157356262,0.9764710668859382,True,False
WCA_00081,https://openalex.org/W627363710,https://openalex.org/W371522439,1,weak_citation,0.8938580751419067,0.975394671473129,True,False
WCA_00082,https://openalex.org/W627363710,https://openalex.org/W140175138,1,weak_citation,0.8944845199584961,0.9746838637962525,True,False
WCA_00083,https://openalex.org/W627363710,https://openalex.org/W91448825,1,weak_citation,0.8949062824249268,0.9741940777143964,True,False
WCA_00084,https://openalex.org/W14586928,https://openalex.org/W371522439,1,weak_citation,0.8949031829833984,0.974197710477152,True,False
WCA_00085,https://openalex.org/W14586928,https://openalex.org/W140175138,1,weak_citation,0.8954984545707703,0.9734907998934987,True,False
WCA_00086,https://openalex.org/W14586928,https://openalex.org/W65585684,1,weak_citation,0.8959699273109436,0.9729175685922203,True,False
WCA_00087,https://openalex.org/W356389653,https://openalex.org/W371522439,1,weak_citation,0.894863486289978,0.9742441937860898,True,False
WCA_00088,https://openalex.org/W356389653,https://openalex.org/W140175138,1,weak_citation,0.8954724073410034,0.9735221225638859,True,False
WCA_00089,https://openalex.org/W356389653,https://openalex.org/W65585684,1,weak_citation,0.8959563970565796,0.9729341858201087,True,False
WCA_00090,https://openalex.org/W880967556,https://openalex.org/W371522439,1,weak_citation,0.8951588869094849,0.9738963277979844,True,False
WCA_00091,https://openalex.org/W880967556,https://openalex.org/W764297042,1,weak_citation,0.8976802229881287,0.9707352956498339,True,False
WCA_00092,https://openalex.org/W880967556,https://openalex.org/W780101781,1,weak_citation,0.8978621363639832,0.9704933805866418,True,False
WCA_00093,https://openalex.org/W531972770,https://openalex.org/W371522439,1,weak_citation,0.8942456245422363,0.9749572602329399,True,False
WCA_00094,https://openalex.org/W531972770,https://openalex.org/W140175138,1,weak_citation,0.8953717947006226,0.9736427748584092,True,False
WCA_00095,https://openalex.org/W531972770,https://openalex.org/W65585684,1,weak_citation,0.8953908085823059,0.9736200149261331,True,False
WCA_00096,https://openalex.org/W494251762,https://openalex.org/W371522439,1,weak_citation,0.8936682343482971,0.9756062108020076,True,False
WCA_00097,https://openalex.org/W494251762,https://openalex.org/W140175138,1,weak_citation,0.8942012786865234,0.9750076929655138,True,False
WCA_00098,https://openalex.org/W494251762,https://openalex.org/W65585684,1,weak_citation,0.8946311473846436,0.9745146230832333,True,False
WCA_00099,https://openalex.org/W336686160,https://openalex.org/W371522439,1,weak_citation,0.8928834795951843,0.9764619984956366,True,False
WCA_00100,https://openalex.org/W336686160,https://openalex.org/W140175138,1,weak_citation,0.8934385180473328,0.9758598131737651,True,False
WCA_00101,https://openalex.org/W336686160,https://openalex.org/W65585684,1,weak_citation,0.8938834071159363,0.975366309206877,True,False
WCA_00102,https://openalex.org/W667729961,https://openalex.org/W371522439,1,weak_citation,0.8933817148208618,0.9759221252609168,True,False
WCA_00103,https://openalex.org/W667729961,https://openalex.org/W140175138,1,weak_citation,0.8940016031265259,0.9752335524481832,True,False
WCA_00104,https://openalex.org/W667729961,https://openalex.org/W65585684,1,weak_citation,0.8944501280784607,0.9747234009188052,True,False
WCA_00105,https://openalex.org/W404965471,https://openalex.org/W371522439,1,weak_citation,0.890532910823822,0.9788536496164935,True,False
WCA_00106,https://openalex.org/W404965471,https://openalex.org/W140175138,1,weak_citation,0.8911566138267517,0.9782432579813026,True,False
WCA_00107,https://openalex.org/W404965471,https://openalex.org/W65585684,1,weak_citation,0.8916080594062805,0.9777907332361351,True,False
WCA_00108,https://openalex.org/W718463580,https://openalex.org/W371522439,1,weak_citation,0.8919721841812134,0.9774190478232242,True,False
WCA_00109,https://openalex.org/W718463580,https://openalex.org/W764297042,1,weak_citation,0.895203709602356,0.9738431462556394,True,False
WCA_00110,https://openalex.org/W718463580,https://openalex.org/W411138156,1,weak_citation,0.8961958885192871,0.9726385833301998,True,False
WCA_00111,https://openalex.org/W57200391,https://openalex.org/W371522439,1,weak_citation,0.8931292295455933,0.9761972036482991,True,False
WCA_00112,https://openalex.org/W57200391,https://openalex.org/W140175138,1,weak_citation,0.8938915133476257,0.9753572265531504,True,False
WCA_00113,https://openalex.org/W57200391,https://openalex.org/W65585684,1,weak_citation,0.8944140672683716,0.9747647920586312,True,False
WCA_00114,https://openalex.org/W627321568,https://openalex.org/W371522439,1,weak_citation,0.8932865262031555,0.9760261938685443,True,False
WCA_00115,https://openalex.org/W627321568,https://openalex.org/W140175138,1,weak_citation,0.8938351273536682,0.9754203368693274,True,False
WCA_00116,https://openalex.org/W627321568,https://openalex.org/W65585684,1,weak_citation,0.8944367170333862,0.9747388020359047,True,False
WCA_00117,https://openalex.org/W655344885,https://openalex.org/W371522439,1,weak_citation,0.8920156359672546,0.9773742899672971,True,False
WCA_00118,https://openalex.org/W655344885,https://openalex.org/W140175138,1,weak_citation,0.8926178216934204,0.9767450106794365,True,False
WCA_00119,https://openalex.org/W655344885,https://openalex.org/W65585684,1,weak_citation,0.893077552318573,0.9762531259449287,True,False
WCA_00120,https://openalex.org/W694488422,https://openalex.org/W371522439,1,weak_citation,0.8743882179260254,0.9899258816892458,True,False
WCA_00121,https://openalex.org/W694488422,https://openalex.org/W764297042,1,weak_citation,0.8772344589233398,0.9885126454290283,True,False
WCA_00122,https://openalex.org/W694488422,https://openalex.org/W216391355,1,weak_citation,0.8773006200790405,0.9884775639072602,True,False
WCA_00123,https://openalex.org/W599213086,https://openalex.org/W371522439,1,weak_citation,0.8731762170791626,0.9904741062380197,True,False
WCA_00124,https://openalex.org/W599213086,https://openalex.org/W140175138,1,weak_citation,0.874107837677002,0.9900554195844674,True,False
WCA_00125,https://openalex.org/W599213086,https://openalex.org/W91448825,1,weak_citation,0.8741584420204163,0.9900321625420941,True,False
WCA_00126,https://openalex.org/W115209135,https://openalex.org/W371522439,1,weak_citation,0.8727176189422607,0.9906737484432316,True,False
WCA_00127,https://openalex.org/W115209135,https://openalex.org/W140175138,1,weak_citation,0.8732849359512329,0.9904261602314293,True,False
WCA_00128,https://openalex.org/W115209135,https://openalex.org/W91448825,1,weak_citation,0.873420000076294,0.9903662627374508,True,False
WCA_00129,https://openalex.org/W24887066,https://openalex.org/W371522439,1,weak_citation,0.8731213212013245,0.9904982253867112,True,False
WCA_00130,https://openalex.org/W24887066,https://openalex.org/W140175138,1,weak_citation,0.8736871480941772,0.9902466944037627,True,False
WCA_00131,https://openalex.org/W24887066,https://openalex.org/W91448825,1,weak_citation,0.8738324046134949,0.9901810659701735,True,False
WCA_00132,https://openalex.org/W311410462,https://openalex.org/W371522439,1,weak_citation,0.8735514879226685,0.9903075947858593,True,False
WCA_00133,https://openalex.org/W311410462,https://openalex.org/W140175138,1,weak_citation,0.8741174936294556,0.9900509859959128,True,False
WCA_00134,https://openalex.org/W311410462,https://openalex.org/W91448825,1,weak_citation,0.8743196725845337,0.9899577036040427,True,False
WCA_00135,https://openalex.org/W122586118,https://openalex.org/W371522439,1,weak_citation,0.8740638494491577,0.9900755923054261,True,False
WCA_00136,https://openalex.org/W122586118,https://openalex.org/W140175138,1,weak_citation,0.874581515789032,0.9898356053040869,True,False
WCA_00137,https://openalex.org/W122586118,https://openalex.org/W91448825,1,weak_citation,0.8749529123306274,0.9896598981472939,True,False
WCA_00138,https://openalex.org/W82450230,https://openalex.org/W371522439,1,weak_citation,0.8737671971321106,0.990210581309826,True,False
WCA_00139,https://openalex.org/W82450230,https://openalex.org/W216391355,1,weak_citation,0.8773490190505981,0.9884518336257189,True,False
WCA_00140,https://openalex.org/W82450230,https://openalex.org/W764297042,1,weak_citation,0.8776544332504272,0.9882881519152306,True,False
WCA_00141,https://openalex.org/W837238296,https://openalex.org/W371522439,1,weak_citation,0.8741135001182556,0.9900528198778009,True,False
WCA_00142,https://openalex.org/W837238296,https://openalex.org/W140175138,1,weak_citation,0.874635636806488,0.9898101858667263,True,False
WCA_00143,https://openalex.org/W837238296,https://openalex.org/W91448825,1,weak_citation,0.8750741481781006,0.9896018934861373,True,False
WCA_00144,https://openalex.org/W420993993,https://openalex.org/W371522439,1,weak_citation,0.874213457107544,0.9900068172946844,True,False
WCA_00145,https://openalex.org/W420993993,https://openalex.org/W140175138,1,weak_citation,0.8747370839118958,0.9897623688097322,True,False
WCA_00146,https://openalex.org/W420993993,https://openalex.org/W91448825,1,weak_citation,0.8751615285873413,0.9895598872393763,True,False
WCA_00147,https://openalex.org/W323776135,https://openalex.org/W371522439,1,weak_citation,0.8746629953384399,0.9897973122427,True,False
WCA_00148,https://openalex.org/W323776135,https://openalex.org/W140175138,1,weak_citation,0.8751646280288696,0.9895583941702205,True,False
WCA_00149,https://openalex.org/W323776135,https://openalex.org/W582875447,1,weak_citation,0.8756004571914673,0.9893463284737856,True,False
WCA_00150,https://openalex.org/W575999170,https://openalex.org/W371522439,1,weak_citation,0.874680757522583,0.9897889455871987,True,False
WCA_00151,https://openalex.org/W575999170,https://openalex.org/W140175138,1,weak_citation,0.8751041293144226,0.9895874995818879,True,False
WCA_00152,https://openalex.org/W575999170,https://openalex.org/W582875447,1,weak_citation,0.8755983114242554,0.9893473829273783,True,False
WCA_00153,https://openalex.org/W783991403,https://openalex.org/W371522439,1,weak_citation,0.8746378421783447,0.9898091487196164,True,False
WCA_00154,https://openalex.org/W783991403,https://openalex.org/W140175138,1,weak_citation,0.8752071261405945,0.989537900573645,True,False
WCA_00155,https://openalex.org/W783991403,https://openalex.org/W582875447,1,weak_citation,0.8757537007331848,0.9892707553162332,True,False
WCA_00156,https://openalex.org/W18927840,https://openalex.org/W371522439,1,weak_citation,0.8744649291038513,0.9898901504505497,True,False
WCA_00157,https://openalex.org/W18927840,https://openalex.org/W764297042,1,weak_citation,0.8780719041824341,0.9880607011985358,True,False
WCA_00158,https://openalex.org/W18927840,https://openalex.org/W216391355,1,weak_citation,0.8782702684402466,0.9879511023339047,True,False
WCA_00159,https://openalex.org/W33393327,https://openalex.org/W371522439,1,weak_citation,0.8746764659881592,0.9897909676829068,True,False
WCA_00160,https://openalex.org/W33393327,https://openalex.org/W140175138,1,weak_citation,0.8751732110977173,0.9895542584144561,True,False
WCA_00161,https://openalex.org/W33393327,https://openalex.org/W91448825,1,weak_citation,0.8757524490356445,0.989271374742756,True,False
WCA_00162,https://openalex.org/W349423984,https://openalex.org/W371522439,1,weak_citation,0.8754151463508606,0.9894370127381947,True,False
WCA_00163,https://openalex.org/W349423984,https://openalex.org/W140175138,1,weak_citation,0.8759487867355347,0.9891737796045411,True,False
WCA_00164,https://openalex.org/W349423984,https://openalex.org/W91448825,1,weak_citation,0.8766931295394897,0.9887957439127262,True,False
WCA_00165,https://openalex.org/W968231206,https://openalex.org/W371522439,1,weak_citation,0.8762721419334412,0.9890111295230641,True,False
WCA_00166,https://openalex.org/W968231206,https://openalex.org/W140175138,1,weak_citation,0.8768406510353088,0.9887192856804127,True,False
WCA_00167,https://openalex.org/W968231206,https://openalex.org/W582875447,1,weak_citation,0.8774052858352661,0.9884218491994773,True,False
WCA_00168,https://openalex.org/W37027353,https://openalex.org/W371522439,1,weak_citation,0.8756051063537598,0.9893440434701113,True,False
WCA_00169,https://openalex.org/W37027353,https://openalex.org/W140175138,1,weak_citation,0.8760753870010376,0.9891103842969547,True,False
WCA_00170,https://openalex.org/W37027353,https://openalex.org/W582875447,1,weak_citation,0.8766987323760986,0.9887928494263661,True,False
WCA_00171,https://openalex.org/W52624095,https://openalex.org/W371522439,1,weak_citation,0.8759284019470215,0.9891839531480431,True,False
WCA_00172,https://openalex.org/W52624095,https://openalex.org/W140175138,1,weak_citation,0.8763830661773682,0.9889547789965111,True,False
WCA_00173,https://openalex.org/W52624095,https://openalex.org/W582875447,1,weak_citation,0.8770712614059448,0.9885987291157488,True,False
WCA_00174,https://openalex.org/W518448471,https://openalex.org/W371522439,1,weak_citation,0.8748799562454224,0.9896946491713086,True,False
WCA_00175,https://openalex.org/W518448471,https://openalex.org/W764297042,1,weak_citation,0.8783756494522095,0.9878924743173954,True,False
WCA_00176,https://openalex.org/W518448471,https://openalex.org/W411138156,1,weak_citation,0.8788852095603943,0.9876049849293909,True,False
WCA_00177,https://openalex.org/W578142926,https://openalex.org/W371522439,1,weak_citation,0.8753518462181091,0.9894678141628414,True,False
WCA_00178,https://openalex.org/W578142926,https://openalex.org/W140175138,1,weak_citation,0.8760506510734558,0.9891227996487957,True,False
WCA_00179,https://openalex.org/W578142926,https://openalex.org/W91448825,1,weak_citation,0.876754105091095,0.988764203492847,True,False
WCA_00180,https://openalex.org/W780312091,https://openalex.org/W371522439,1,weak_citation,0.8762801885604858,0.9890070513442474,True,False
WCA_00181,https://openalex.org/W780312091,https://openalex.org/W140175138,1,weak_citation,0.876663863658905,0.988810850976311,True,False
WCA_00182,https://openalex.org/W780312091,https://openalex.org/W91448825,1,weak_citation,0.8775089979171753,0.9883663795462134,True,False
WCA_00183,https://openalex.org/W876143794,https://openalex.org/W371522439,1,weak_citation,0.8758313059806824,0.9892322817054695,True,False
WCA_00184,https://openalex.org/W876143794,https://openalex.org/W140175138,1,weak_citation,0.8768717646598816,0.9887030941974322,True,False
WCA_00185,https://openalex.org/W876143794,https://openalex.org/W582875447,1,weak_citation,0.87706458568573,0.9886022368272941,True,False
WCA_00186,https://openalex.org/W792372125,https://openalex.org/W371522439,1,weak_citation,0.8760347366333008,0.9891307799553282,True,False
WCA_00187,https://openalex.org/W792372125,https://openalex.org/W140175138,1,weak_citation,0.8765780925750732,0.9888550101516949,True,False
WCA_00188,https://openalex.org/W792372125,https://openalex.org/W582875447,1,weak_citation,0.8772199153900146,0.9885203428778367,True,False
WCA_00189,https://openalex.org/W627026339,https://openalex.org/W371522439,1,weak_citation,0.8759957551956177,0.9891503027682884,True,False
WCA_00190,https://openalex.org/W627026339,https://openalex.org/W140175138,1,weak_citation,0.8764734268188477,0.9889086638543322,True,False
WCA_00191,https://openalex.org/W627026339,https://openalex.org/W91448825,1,weak_citation,0.8772703409194946,0.9884936323561092,True,False
WCA_00192,https://openalex.org/W872116338,https://openalex.org/W371522439,1,weak_citation,0.8752694129943848,0.9895077924486875,True,False
WCA_00193,https://openalex.org/W872116338,https://openalex.org/W764297042,1,weak_citation,0.8786703944206238,0.9877269946045825,True,False
WCA_00194,https://openalex.org/W872116338,https://openalex.org/W216391355,1,weak_citation,0.8790148496627808,0.9875307738511707,True,False
WCA_00195,https://openalex.org/W581672076,https://openalex.org/W371522439,1,weak_citation,0.8758503198623657,0.9892228345817324,True,False
WCA_00196,https://openalex.org/W581672076,https://openalex.org/W140175138,1,weak_citation,0.8764731884002686,0.9889087857803146,True,False
WCA_00197,https://openalex.org/W581672076,https://openalex.org/W91448825,1,weak_citation,0.8774747848510742,0.9883847071226668,True,False
WCA_00198,https://openalex.org/W245527882,https://openalex.org/W371522439,1,weak_citation,0.8750669956207275,0.9896053245096974,True,False
WCA_00199,https://openalex.org/W245527882,https://openalex.org/W140175138,1,weak_citation,0.8754881620407104,0.9894013730913284,True,False
WCA_00200,https://openalex.org/W245527882,https://openalex.org/W91448825,1,weak_citation,0.876168429851532,0.9890635589944293,True,False
WCA_00201,https://openalex.org/W793255966,https://openalex.org/W371522439,1,weak_citation,0.8763102293014526,0.98899181291518,True,False
WCA_00202,https://openalex.org/W793255966,https://openalex.org/W140175138,1,weak_citation,0.8768029808998108,0.9887388584611145,True,False
WCA_00203,https://openalex.org/W793255966,https://openalex.org/W582875447,1,weak_citation,0.8775910139083862,0.9883223280008202,True,False
WCA_00204,https://openalex.org/W66827509,https://openalex.org/W371522439,1,weak_citation,0.8766870498657227,0.9887988839022332,True,False
WCA_00205,https://openalex.org/W66827509,https://openalex.org/W140175138,1,weak_citation,0.8771493434906006,0.9885576221035064,True,False
WCA_00206,https://openalex.org/W66827509,https://openalex.org/W582875447,1,weak_citation,0.878037691116333,0.9880795045318295,True,False
WCA_00207,https://openalex.org/W618683817,https://openalex.org/W371522439,1,weak_citation,0.8772668838500977,0.9884954655335477,True,False
WCA_00208,https://openalex.org/W618683817,https://openalex.org/W140175138,1,weak_citation,0.8777110576629639,0.9882575540462694,True,False
WCA_00209,https://openalex.org/W618683817,https://openalex.org/W582875447,1,weak_citation,0.8785347938537598,0.9878034009212452,True,False
WCA_00210,https://openalex.org/W310216135,https://openalex.org/W371522439,1,weak_citation,0.8769286870956421,0.9886734123618668,True,False
WCA_00211,https://openalex.org/W310216135,https://openalex.org/W764297042,1,weak_citation,0.8802433013916016,0.986805429210924,True,False
WCA_00212,https://openalex.org/W310216135,https://openalex.org/W216391355,1,weak_citation,0.8803937435150146,0.9867137863927432,True,False
WCA_00213,https://openalex.org/W627705061,https://openalex.org/W371522439,1,weak_citation,0.8763424158096313,0.9889754628467877,True,False
WCA_00214,https://openalex.org/W627705061,https://openalex.org/W140175138,1,weak_citation,0.8771438598632812,0.9885605137848877,True,False
WCA_00215,https://openalex.org/W627705061,https://openalex.org/W65585684,1,weak_citation,0.8783248066902161,0.9879207954413927,True,False
WCA_00216,https://openalex.org/W669501871,https://openalex.org/W371522439,1,weak_citation,0.8761696815490723,0.9890629277021341,True,False
WCA_00217,https://openalex.org/W669501871,https://openalex.org/W140175138,1,weak_citation,0.8765968084335327,0.9888453890278903,True,False
WCA_00218,https://openalex.org/W669501871,https://openalex.org/W869570009,1,weak_citation,0.8780083060264587,0.9880956310761103,True,False
WCA_00219,https://openalex.org/W885311993,https://openalex.org/W371522439,1,weak_citation,0.8754971623420715,0.9893969717318774,True,False
WCA_00220,https://openalex.org/W885311993,https://openalex.org/W140175138,1,weak_citation,0.875948429107666,0.9891739581692998,True,False
WCA_00221,https://openalex.org/W885311993,https://openalex.org/W869570009,1,weak_citation,0.8771031498908997,0.9885819588013661,True,False
WCA_00222,https://openalex.org/W190068963,https://openalex.org/W371522439,1,weak_citation,0.8755845427513123,0.9893541465483764,True,False
WCA_00223,https://openalex.org/W190068963,https://openalex.org/W140175138,1,weak_citation,0.876067042350769,0.9891145741741193,True,False
WCA_00224,https://openalex.org/W190068963,https://openalex.org/W582875447,1,weak_citation,0.8771321177482605,0.9885667033256811,True,False
WCA_00225,https://openalex.org/W299956072,https://openalex.org/W371522439,1,weak_citation,0.8744668960571289,0.9898892326174187,True,False
WCA_00226,https://openalex.org/W299956072,https://openalex.org/W140175138,1,weak_citation,0.8749247789382935,0.9896733125843722,True,False
WCA_00227,https://openalex.org/W299956072,https://openalex.org/W869570009,1,weak_citation,0.876050591468811,0.9891228295483925,True,False
WCA_00228,https://openalex.org/W398987933,https://openalex.org/W371522439,1,weak_citation,0.8747219443321228,0.9897695189174301,True,False
WCA_00229,https://openalex.org/W398987933,https://openalex.org/W764297042,1,weak_citation,0.8784723281860352,0.9878384399659097,True,False
WCA_00230,https://openalex.org/W398987933,https://openalex.org/W216391355,1,weak_citation,0.8786572217941284,0.9877344376148558,True,False
WCA_00231,https://openalex.org/W435344064,https://openalex.org/W371522439,1,weak_citation,0.8749589323997498,0.9896570254462188,True,False
WCA_00232,https://openalex.org/W435344064,https://openalex.org/W140175138,1,weak_citation,0.8755224943161011,0.9893845740906159,True,False
WCA_00233,https://openalex.org/W435344064,https://openalex.org/W91448825,1,weak_citation,0.8766404986381531,0.9888228975539891,True,False
WCA_00234,https://openalex.org/W661788408,https://openalex.org/W371522439,1,weak_citation,0.8750760555267334,0.9896009783572807,True,False
WCA_00235,https://openalex.org/W661788408,https://openalex.org/W140175138,1,weak_citation,0.8755013942718506,0.9893949015935515,True,False
WCA_00236,https://openalex.org/W661788408,https://openalex.org/W91448825,1,weak_citation,0.8765951991081238,0.9888462166445767,True,False
WCA_00237,https://openalex.org/W864720829,https://openalex.org/W371522439,1,weak_citation,0.8753910064697266,0.9894487695426306,True,False
WCA_00238,https://openalex.org/W864720829,https://openalex.org/W140175138,1,weak_citation,0.875847578048706,0.989224197368586,True,False
WCA_00239,https://openalex.org/W864720829,https://openalex.org/W582875447,1,weak_citation,0.8768572211265564,0.9887106654877337,True,False
WCA_00240,https://openalex.org/W609175838,https://openalex.org/W371522439,1,weak_citation,0.8823565244674683,0.9854590462199717,True,False
WCA_00241,https://openalex.org/W609175838,https://openalex.org/W780101781,1,weak_citation,0.88310706615448,0.9849489866100598,True,False
WCA_00242,https://openalex.org/W609175838,https://openalex.org/W411138156,1,weak_citation,0.8838728070259094,0.9844104464958168,True,False
WCA_00243,https://openalex.org/W107781185,https://openalex.org/W91448825,1,weak_citation,0.8794320821762085,0.9872889431089588,True,False
WCA_00244,https://openalex.org/W107781185,https://openalex.org/W371522439,1,weak_citation,0.8810129165649414,0.9863299573211777,True,False
WCA_00245,https://openalex.org/W107781185,https://openalex.org/W640358209,1,weak_citation,0.8810343146324158,0.9863164988458617,True,False
WCA_00246,https://openalex.org/W453301849,https://openalex.org/W91448825,1,weak_citation,0.8790130615234375,0.9875318004300504,True,False
WCA_00247,https://openalex.org/W453301849,https://openalex.org/W371522439,1,weak_citation,0.8808075189590454,0.9864584814453441,True,False
WCA_00248,https://openalex.org/W453301849,https://openalex.org/W231136671,1,weak_citation,0.8808923363685608,0.9864055534584301,True,False
WCA_00249,https://openalex.org/W26774200,https://openalex.org/W91448825,1,weak_citation,0.8789557218551636,0.9875646751863458,True,False
WCA_00250,https://openalex.org/W26774200,https://openalex.org/W231136671,1,weak_citation,0.8805828094482422,0.9865977247529175,True,False
WCA_00251,https://openalex.org/W26774200,https://openalex.org/W371522439,1,weak_citation,0.8807615041732788,0.9864871106231002,True,False
WCA_00252,https://openalex.org/W469715192,https://openalex.org/W91448825,1,weak_citation,0.8799098134040833,0.9870063578642204,True,False
WCA_00253,https://openalex.org/W469715192,https://openalex.org/W231136671,1,weak_citation,0.8816681504249573,0.9859118636765433,True,False
WCA_00254,https://openalex.org/W469715192,https://openalex.org/W371522439,1,weak_citation,0.8816847801208496,0.9859010901457722,True,False
WCA_00255,https://openalex.org/W941228867,https://openalex.org/W91448825,1,weak_citation,0.8802038431167603,0.9868293620637161,True,False
WCA_00256,https://openalex.org/W941228867,https://openalex.org/W231136671,1,weak_citation,0.8818480968475342,0.9857948531521172,True,False
WCA_00257,https://openalex.org/W941228867,https://openalex.org/W371522439,1,weak_citation,0.8818758130073547,0.9857767457363121,True,False
WCA_00258,https://openalex.org/W26523949,https://openalex.org/W371522439,1,weak_citation,0.8816753625869751,0.9859071922819365,True,False
WCA_00259,https://openalex.org/W26523949,https://openalex.org/W780101781,1,weak_citation,0.883464515209198,0.9846999138195909,True,False
WCA_00260,https://openalex.org/W26523949,https://openalex.org/W411138156,1,weak_citation,0.8838815093040466,0.9844042185232517,True,False
WCA_00261,https://openalex.org/W203637417,https://openalex.org/W91448825,1,weak_citation,0.8811331987380981,0.9862541350452749,True,False
WCA_00262,https://openalex.org/W203637417,https://openalex.org/W371522439,1,weak_citation,0.8826900720596313,0.985234508054311,True,False
WCA_00263,https://openalex.org/W203637417,https://openalex.org/W640358209,1,weak_citation,0.8830490112304688,0.9849890610116434,True,False
WCA_00264,https://openalex.org/W503731170,https://openalex.org/W91448825,1,weak_citation,0.8810001611709595,0.9863379737113158,True,False
WCA_00265,https://openalex.org/W503731170,https://openalex.org/W371522439,1,weak_citation,0.8824940919876099,0.9853668487990064,True,False
WCA_00266,https://openalex.org/W503731170,https://openalex.org/W231136671,1,weak_citation,0.8827396631240845,0.9852008338934932,True,False
WCA_00267,https://openalex.org/W130487776,https://openalex.org/W91448825,1,weak_citation,0.8816456198692322,0.9859264471291483,True,False
WCA_00268,https://openalex.org/W130487776,https://openalex.org/W371522439,1,weak_citation,0.8831496238708496,0.9849195427843885,True,False
WCA_00269,https://openalex.org/W130487776,https://openalex.org/W231136671,1,weak_citation,0.8833656311035156,0.9847692200927982,True,False
WCA_00270,https://openalex.org/W953602144,https://openalex.org/W91448825,1,weak_citation,0.8817551136016846,0.9858554347992298,True,False
WCA_00271,https://openalex.org/W953602144,https://openalex.org/W371522439,1,weak_citation,0.883215069770813,0.9848741529136261,True,False
WCA_00272,https://openalex.org/W953602144,https://openalex.org/W231136671,1,weak_citation,0.8834628462791443,0.9847010861175566,True,False
WCA_00273,https://openalex.org/W822736414,https://openalex.org/W91448825,1,weak_citation,0.8822165727615356,0.9855522541916244,True,False
WCA_00274,https://openalex.org/W822736414,https://openalex.org/W371522439,1,weak_citation,0.8833745121955872,0.9847630081329546,True,False
WCA_00275,https://openalex.org/W822736414,https://openalex.org/W231136671,1,weak_citation,0.8837324380874634,0.9845105670317256,True,False
WCA_00276,https://openalex.org/W905233597,https://openalex.org/W371522439,1,weak_citation,0.8830679059028625,0.9849760298635762,True,False
WCA_00277,https://openalex.org/W905233597,https://openalex.org/W780101781,1,weak_citation,0.8849794864654541,0.9835984679135362,True,False
WCA_00278,https://openalex.org/W905233597,https://openalex.org/W411138156,1,weak_citation,0.8856087923049927,0.9831183394752288,True,False
WCA_00279,https://openalex.org/W820781918,https://openalex.org/W91448825,1,weak_citation,0.8816066384315491,0.9859516436796608,True,False
WCA_00280,https://openalex.org/W820781918,https://openalex.org/W371522439,1,weak_citation,0.882917046546936,0.9850797636808828,True,False
WCA_00281,https://openalex.org/W820781918,https://openalex.org/W140175138,1,weak_citation,0.8834794163703918,0.9846894429530129,True,False
WCA_00282,https://openalex.org/W875179298,https://openalex.org/W91448825,1,weak_citation,0.8830987215042114,0.9849547532675673,True,False
WCA_00283,https://openalex.org/W875179298,https://openalex.org/W371522439,1,weak_citation,0.884245753288269,0.9841413319046558,True,False
WCA_00284,https://openalex.org/W875179298,https://openalex.org/W231136671,1,weak_citation,0.8846778273582458,0.9838238327294656,True,False
WCA_00285,https://openalex.org/W365398044,https://openalex.org/W91448825,1,weak_citation,0.8841061592102051,0.9842425928057064,True,False
WCA_00286,https://openalex.org/W365398044,https://openalex.org/W371522439,1,weak_citation,0.8848773241043091,0.9836751354629673,True,False
WCA_00287,https://openalex.org/W365398044,https://openalex.org/W231136671,1,weak_citation,0.8853263854980469,0.9833354867729854,True,False
WCA_00288,https://openalex.org/W895713147,https://openalex.org/W91448825,1,weak_citation,0.8825252056121826,0.9853459167995543,True,False
WCA_00289,https://openalex.org/W895713147,https://openalex.org/W371522439,1,weak_citation,0.8836331963539124,0.9845809707172645,True,False
WCA_00290,https://openalex.org/W895713147,https://openalex.org/W140175138,1,weak_citation,0.8841692209243774,0.9841969271564159,True,False
WCA_00291,https://openalex.org/W752959521,https://openalex.org/W91448825,1,weak_citation,0.8834306597709656,0.9847236774315795,True,False
WCA_00292,https://openalex.org/W752959521,https://openalex.org/W371522439,1,weak_citation,0.8845178484916687,0.9839421117108126,True,False
WCA_00293,https://openalex.org/W752959521,https://openalex.org/W231136671,1,weak_citation,0.8850100636482239,0.9835754525593736,True,False
WCA_00294,https://openalex.org/W195024916,https://openalex.org/W371522439,1,weak_citation,0.8815895318984985,0.9859626868377696,True,False
WCA_00295,https://openalex.org/W195024916,https://openalex.org/W780101781,1,weak_citation,0.8836684226989746,0.9845560167141528,True,False
WCA_00296,https://openalex.org/W195024916,https://openalex.org/W411138156,1,weak_citation,0.8840616941452026,0.9842747137562391,True,False
WCA_00297,https://openalex.org/W810193665,https://openalex.org/W91448825,1,weak_citation,0.8811744451522827,0.9862280391764,True,False
WCA_00298,https://openalex.org/W810193665,https://openalex.org/W371522439,1,weak_citation,0.8821687698364258,0.9855839559081722,True,False
WCA_00299,https://openalex.org/W810193665,https://openalex.org/W140175138,1,weak_citation,0.8828902244567871,0.9850981330720863,True,False
WCA_00300,https://openalex.org/W790216709,https://openalex.org/W91448825,1,weak_citation,0.8817614912986755,0.9858512876664254,True,False
WCA_00301,https://openalex.org/W790216709,https://openalex.org/W371522439,1,weak_citation,0.8828455209732056,0.9851286992388053,True,False
WCA_00302,https://openalex.org/W790216709,https://openalex.org/W231136671,1,weak_citation,0.883143424987793,0.9849238350473386,True,False
WCA_00303,https://openalex.org/W567956309,https://openalex.org/W91448825,1,weak_citation,0.8826018571853638,0.9852942227649241,True,False
WCA_00304,https://openalex.org/W567956309,https://openalex.org/W371522439,1,weak_citation,0.8829612731933594,0.9850494258824726,True,False
WCA_00305,https://openalex.org/W567956309,https://openalex.org/W231136671,1,weak_citation,0.8836096525192261,0.9845976268107276,True,False
WCA_00306,https://openalex.org/W315447119,https://openalex.org/W91448825,1,weak_citation,0.8822170495986938,0.9855519376192556,True,False
WCA_00307,https://openalex.org/W315447119,https://openalex.org/W371522439,1,weak_citation,0.8831380009651184,0.9849275897905837,True,False
WCA_00308,https://openalex.org/W315447119,https://openalex.org/W140175138,1,weak_citation,0.8837496042251587,0.9844983570392635,True,False
WCA_00309,https://openalex.org/W901296337,https://openalex.org/W91448825,1,weak_citation,0.8812241554260254,0.9861965234539292,True,False
WCA_00310,https://openalex.org/W901296337,https://openalex.org/W371522439,1,weak_citation,0.8823687434196472,0.9854508803203661,True,False
WCA_00311,https://openalex.org/W901296337,https://openalex.org/W231136671,1,weak_citation,0.8827081918716431,0.9852222127933998,True,False
WCA_00312,https://openalex.org/W156866454,https://openalex.org/W371522439,1,weak_citation,0.881790280342102,0.9858325525113665,True,False
WCA_00313,https://openalex.org/W156866454,https://openalex.org/W780101781,1,weak_citation,0.8838229179382324,0.9844461034841498,True,False
WCA_00314,https://openalex.org/W156866454,https://openalex.org/W411138156,1,weak_citation,0.8843445777893066,0.9840692582714856,True,False
WCA_00315,https://openalex.org/W141465178,https://openalex.org/W91448825,1,weak_citation,0.8822283148765564,0.9855444566085745,True,False
WCA_00316,https://openalex.org/W141465178,https://openalex.org/W371522439,1,weak_citation,0.8829329013824463,0.9850688948442975,True,False
WCA_00317,https://openalex.org/W141465178,https://openalex.org/W140175138,1,weak_citation,0.8836132287979126,0.9845950979124954,True,False
WCA_00318,https://openalex.org/W389520923,https://openalex.org/W91448825,1,weak_citation,0.8807414770126343,0.9864995523374309,True,False
WCA_00319,https://openalex.org/W389520923,https://openalex.org/W371522439,1,weak_citation,0.8820476531982422,0.9856639709440752,True,False
WCA_00320,https://openalex.org/W389520923,https://openalex.org/W140175138,1,weak_citation,0.8825461864471436,0.9853317850858834,True,False
WCA_00321,https://openalex.org/W792929024,https://openalex.org/W91448825,1,weak_citation,0.8826954364776611,0.9852308690603309,True,False
WCA_00322,https://openalex.org/W792929024,https://openalex.org/W371522439,1,weak_citation,0.8836672306060791,0.9845568618307593,True,False
WCA_00323,https://openalex.org/W792929024,https://openalex.org/W231136671,1,weak_citation,0.8841837644577026,0.9841863771055228,True,False
WCA_00324,https://openalex.org/W930379600,https://openalex.org/W91448825,1,weak_citation,0.8834944367408752,0.9846788811801955,True,False
WCA_00325,https://openalex.org/W930379600,https://openalex.org/W371522439,1,weak_citation,0.8843915462493896,0.9840348908528753,True,False
WCA_00326,https://openalex.org/W930379600,https://openalex.org/W140175138,1,weak_citation,0.8849209547042847,0.9836424361732574,True,False
WCA_00327,https://openalex.org/W133963658,https://openalex.org/W91448825,1,weak_citation,0.8842480182647705,0.984139683633853,True,False
WCA_00328,https://openalex.org/W133963658,https://openalex.org/W371522439,1,weak_citation,0.8850278258323669,0.9835620684377067,True,False
WCA_00329,https://openalex.org/W133963658,https://openalex.org/W140175138,1,weak_citation,0.885524332523346,0.9831835718784071,True,False
WCA_00330,https://openalex.org/W932893184,https://openalex.org/W371522439,1,weak_citation,0.8850365281105042,0.9835555072027473,True,False
WCA_00331,https://openalex.org/W932893184,https://openalex.org/W780101781,1,weak_citation,0.8868950605392456,0.9820936177219585,True,False
WCA_00332,https://openalex.org/W932893184,https://openalex.org/W764297042,1,weak_citation,0.8879411220550537,0.9812154412354528,True,False
WCA_00333,https://openalex.org/W376896,https://openalex.org/W371522439,1,weak_citation,0.8848235607147217,0.9837153404510739,True,False
WCA_00334,https://openalex.org/W376896,https://openalex.org/W91448825,1,weak_citation,0.8855487704277039,0.9831647228084305,True,False
WCA_00335,https://openalex.org/W376896,https://openalex.org/W65585684,1,weak_citation,0.8857395648956299,0.9830168464945944,True,False
WCA_00336,https://openalex.org/W30669544,https://openalex.org/W91448825,1,weak_citation,0.8837891817092896,0.9844701701131761,True,False
WCA_00337,https://openalex.org/W30669544,https://openalex.org/W371522439,1,weak_citation,0.8842088580131531,0.9841681576476452,True,False
WCA_00338,https://openalex.org/W30669544,https://openalex.org/W140175138,1,weak_citation,0.884716272354126,0.9837952812934905,True,False
WCA_00339,https://openalex.org/W556500125,https://openalex.org/W91448825,1,weak_citation,0.8819596171379089,0.9857218566484883,True,False
WCA_00340,https://openalex.org/W556500125,https://openalex.org/W371522439,1,weak_citation,0.8827553391456604,0.9851901735703645,True,False
WCA_00341,https://openalex.org/W556500125,https://openalex.org/W140175138,1,weak_citation,0.8832858204841614,0.9848249325799301,True,False
WCA_00342,https://openalex.org/W88192780,https://openalex.org/W91448825,1,weak_citation,0.882526159286499,0.985345274740001,True,False
WCA_00343,https://openalex.org/W88192780,https://openalex.org/W371522439,1,weak_citation,0.8834084272384644,0.9847392629917359,True,False
WCA_00344,https://openalex.org/W88192780,https://openalex.org/W140175138,1,weak_citation,0.8839457035064697,0.9843582008467672,True,False
WCA_00345,https://openalex.org/W596664006,https://openalex.org/W91448825,1,weak_citation,0.8821368217468262,0.9856051048674573,True,False
WCA_00346,https://openalex.org/W596664006,https://openalex.org/W371522439,1,weak_citation,0.8825943470001221,0.9852992955825458,True,False
WCA_00347,https://openalex.org/W596664006,https://openalex.org/W140175138,1,weak_citation,0.8831228613853455,0.9849380651915549,True,False
WCA_00348,https://openalex.org/W976896139,https://openalex.org/W371522439,1,weak_citation,0.8826330900192261,0.9852731077818923,True,False
WCA_00349,https://openalex.org/W976896139,https://openalex.org/W411138156,1,weak_citation,0.8853621482849121,0.9833081407464813,True,False
WCA_00350,https://openalex.org/W976896139,https://openalex.org/W780101781,1,weak_citation,0.8854729533195496,0.9832231332744187,True,False
WCA_00351,https://openalex.org/W793867970,https://openalex.org/W91448825,1,weak_citation,0.8824321627616882,0.9854084246752515,True,False
WCA_00352,https://openalex.org/W793867970,https://openalex.org/W371522439,1,weak_citation,0.8831077814102173,0.9849484922238678,True,False
WCA_00353,https://openalex.org/W793867970,https://openalex.org/W140175138,1,weak_citation,0.8837475776672363,0.9844997989897369,True,False
WCA_00354,https://openalex.org/W999589678,https://openalex.org/W91448825,1,weak_citation,0.8825790882110596,0.985309596951174,True,False
WCA_00355,https://openalex.org/W999589678,https://openalex.org/W371522439,1,weak_citation,0.8834573030471802,0.9847049791869438,True,False
WCA_00356,https://openalex.org/W999589678,https://openalex.org/W140175138,1,weak_citation,0.8839636445045471,0.9843453159507338,True,False
WCA_00357,https://openalex.org/W616181628,https://openalex.org/W91448825,1,weak_citation,0.882823646068573,0.9851436337738446,True,False
WCA_00358,https://openalex.org/W616181628,https://openalex.org/W371522439,1,weak_citation,0.8833961486816406,0.9847478638551469,True,False
WCA_00359,https://openalex.org/W616181628,https://openalex.org/W140175138,1,weak_citation,0.8839371204376221,0.9843643613581694,True,False
