paper_id,title,publication_year,embedding_index
https://openalex.org/W4392553889,Graph neural networks,2024,0
https://openalex.org/W2116341502,The Graph Neural Network Model,2008,1
https://openalex.org/W2914721378,Graph Neural Networks for Social Recommendation,2019,2
https://openalex.org/W2907492528,A Comprehensive Survey on Graph Neural Networks,2020,3
https://openalex.org/W3042770487,Towards Deeper Graph Neural Networks,2020,4
https://openalex.org/W4210257598,A Comprehensive Survey on Graph Neural Networks,2020,5
https://openalex.org/W2965857891,Heterogeneous Graph Neural Network,2019,6
https://openalex.org/W3123909522,Graph neural network for traffic forecasting: A survey,2022,7
https://openalex.org/W3169752883,Graph Neural Networks in Network Neuroscience,2022,8
https://openalex.org/W3152893301,Graph neural networks: A review of methods and applications,2020,9
https://openalex.org/W2905224888,Graph Neural Networks: A Review of Methods and Applications,2018,10
https://openalex.org/W3090999459,Graph Neural Networks with Heterophily,2021,11
https://openalex.org/W3178835722,Sequential Recommendation with Graph Neural Networks,2021,12
https://openalex.org/W2899457523,Session-Based Recommendation with Graph Neural Networks,2019,13
https://openalex.org/W3007332492,Benchmarking Graph Neural Networks,2020,14
https://openalex.org/W3081203761,Graph Structure Learning for Robust Graph Neural Networks,2020,15
https://openalex.org/W2894175828,How Powerful are Graph Neural Networks?,2018,16
https://openalex.org/W3035739162,Data Augmentation for Graph Neural Networks,2021,17
https://openalex.org/W4310273071,Graph neural networks for materials science and chemistry,2022,18
https://openalex.org/W4212835176,Graph Neural Networks for Recommender System,2022,19
https://openalex.org/W3045164669,Graph neural networks in particle physics,2020,20
https://openalex.org/W2912636151,Graph Neural Networks with Convolutional ARMA Filters,2021,21
https://openalex.org/W3097300053,Graph Neural Networks in Recommender Systems: A Survey,2022,22
https://openalex.org/W2770468159,Few-Shot Learning with Graph Neural Networks,2017,23
https://openalex.org/W2990957769,SuperGlue: Learning Feature Matching With Graph Neural Networks,2020,24
https://openalex.org/W3045255111,Streaming Graph Neural Networks,2020,25
https://openalex.org/W2972317931,GNNExplainer: Generating Explanations for Graph Neural Networks,2019,26
https://openalex.org/W3039500550,Scaling Graph Neural Networks with Approximate PageRank,2020,27
https://openalex.org/W2150120952,Computational Capabilities of Graph Neural Networks,2008,28
https://openalex.org/W3167334189,Backdoor Attacks to Graph Neural Networks,2021,29
https://openalex.org/W2950697450,Exploiting Edge Features for Graph Neural Networks,2019,30
https://openalex.org/W3188579603,Graph Neural Networks and Their Current Applications in Bioinformatics,2021,31
https://openalex.org/W3116637551,Explainability in Graph Neural Networks: A Taxonomic Survey,2022,32
https://openalex.org/W2943959761,Stability Properties of Graph Neural Networks,2020,33
https://openalex.org/W4327813569,Evaluating explainability for graph neural networks,2023,34
https://openalex.org/W3103717137,Parameterized Explainer for Graph Neural Network,2020,35
https://openalex.org/W2970119293,GNNExplainer: Generating Explanations for Graph Neural Networks.,2019,36
https://openalex.org/W4290876096,"Graph Neural Networks: Foundation, Frontiers and Applications",2022,37
https://openalex.org/W2798749466,Graph-to-Sequence Learning using Gated Graph Neural Networks,2018,38
https://openalex.org/W4387237425,Graph Neural Networks for Molecules,2023,39
https://openalex.org/W2962810718,Weisfeiler and Leman Go Neural: Higher-Order Graph Neural Networks,2019,40
https://openalex.org/W3126138172,Identity-aware Graph Neural Networks,2021,41
https://openalex.org/W4303426745,Graph Neural Networks in IoT: A Survey,2022,42
https://openalex.org/W3111440465,"Graph Neural Networks: Taxonomy, Advances, and Trends",2022,43
https://openalex.org/W3125542198,Benchmarking graph neural networks for materials chemistry,2021,44
https://openalex.org/W3095521706,"Graphs, Convolutions, and Neural Networks: From Graph Filters to Graph Neural Networks",2020,45
https://openalex.org/W3183845133,A Review of Graph Neural Networks and Their Applications in Power Systems,2022,46
https://openalex.org/W3042856524,A Graph Neural Network Framework for Social Recommendations,2020,47
https://openalex.org/W2970726356,Hyperbolic Graph Neural Networks,2019,48
https://openalex.org/W3014173464,Improved Code Summarization via a Graph Neural Network,2020,49
https://openalex.org/W4214868967,Molecular contrastive learning of representations via graph neural networks,2022,50
https://openalex.org/W4315977496,"A Survey of Graph Neural Networks for Recommender Systems: Challenges, Methods, and Directions",2023,51
https://openalex.org/W3131262006,Combinatorial Optimization and Reasoning with Graph Neural Networks,2021,52
https://openalex.org/W3004507689,MAGNN: Metapath Aggregated Graph Neural Network for Heterogeneous Graph Embedding,2020,53
https://openalex.org/W4376480418,Graph Neural Networks for Intrusion Detection: A Survey,2023,54
https://openalex.org/W4380091476,A survey of graph neural network based recommendation in social networks,2023,55
https://openalex.org/W2963346996,Situation Recognition with Graph Neural Networks,2017,56
https://openalex.org/W2924719072,Learning Discrete Structures for Graph Neural Networks,2019,57
https://openalex.org/W2788512147,Link Prediction Based on Graph Neural Networks,2018,58
https://openalex.org/W4205883350,Curvature graph neural network,2021,59
https://openalex.org/W4206445139,"Graph Neural Networks: Foundations, Frontiers, and Applications",2022,60
https://openalex.org/W4288720745,Survey of Graph Neural Networks and Applications,2022,61
https://openalex.org/W3080253043,Connecting the Dots: Multivariate Time Series Forecasting with Graph Neural Networks,2020,62
https://openalex.org/W4285818445,A Comprehensive Survey of Graph Neural Networks for Knowledge Graphs,2022,63
https://openalex.org/W4221150249,Graph Neural Networks for Graphs With Heterophily: A Survey,2026,64
https://openalex.org/W2943605315,Edge-Labeling Graph Neural Network for Few-Shot Learning,2019,65
https://openalex.org/W4319762935,Everything is connected: Graph neural networks,2023,66
https://openalex.org/W3098230582,Design Space for Graph Neural Networks,2020,67
https://openalex.org/W4206401350,Graph Neural Networks,2022,68
https://openalex.org/W3214714397,Locally Private Graph Neural Networks,2021,69
https://openalex.org/W3047171429,"Graph Neural Networks: Architectures, Stability, and Transferability",2021,70
https://openalex.org/W2997992893,Fast and Deep Graph Neural Networks,2020,71
https://openalex.org/W4323314209,Graph Neural Network for Traffic Forecasting: The Research Progress,2023,72
https://openalex.org/W3110901318,A compact review of molecular property prediction with graph neural networks,2020,73
https://openalex.org/W3134509497,GraphSMOTE: Imbalanced Node Classification on Graphs with Graph Neural Networks,2021,74
https://openalex.org/W4328008037,Graph Neural Networks for Intelligent Transportation Systems: A Survey,2023,75
https://openalex.org/W3118676284,Binary Graph Neural Networks,2021,76
https://openalex.org/W4317931697,Graph Neural Networks for Natural Language Processing: A Survey,2023,77
https://openalex.org/W3217045679,Federated Social Recommendation with Graph Neural Network,2022,78
https://openalex.org/W3212512279,Atomistic Line Graph Neural Network for improved materials property predictions,2021,79
https://openalex.org/W3181036294,Combinatorial optimization with physics-inspired graph neural networks,2022,80
https://openalex.org/W2909882940,Capsule Graph Neural Network,2018,81
https://openalex.org/W2914953695,Adversarial Attacks on Graph Neural Networks via Meta Learning,2019,82
https://openalex.org/W3035733952,Smart Contract Vulnerability Detection using Graph Neural Network,2020,83
https://openalex.org/W3158952485,The Logic of Graph Neural Networks,2021,84
https://openalex.org/W2964571482,AliGraph: A Comprehensive Graph Neural Network Platform,2019,85
https://openalex.org/W3019011053,SIGN: Scalable Inception Graph Neural Networks,2020,86
https://openalex.org/W3091862797,Hardware Acceleration of Graph Neural Networks,2020,87
https://openalex.org/W3024961463,EEG-Based Emotion Recognition Using Regularized Graph Neural Networks,2020,88
https://openalex.org/W3038342492,Adversarial Attacks on Graph Neural Networks,2020,89
https://openalex.org/W3198212763,A Gentle Introduction to Graph Neural Networks,2021,90
https://openalex.org/W4353007232,A Survey on Oversmoothing in Graph Neural Networks,2023,91
https://openalex.org/W2960216239,k-hop graph neural networks,2020,92
https://openalex.org/W4318684505,Graph Neural Networks,2023,93
https://openalex.org/W3096561213,GraphDTA: predicting drug–target binding affinity with graph neural networks,2020,94
https://openalex.org/W2996604169,Strategies for Pre-training Graph Neural Networks,2019,95
https://openalex.org/W4206078729,Graph neural network approaches for drug-target interactions,2022,96
https://openalex.org/W4382202833,Simple and Efficient Heterogeneous Graph Neural Network,2023,97
https://openalex.org/W4280545892,Can Abnormality be Detected by Graph Neural Networks?,2022,98
https://openalex.org/W3175110359,Transfer Graph Neural Networks for Pandemic Forecasting,2021,99
