paper_id,title,publication_year,corpus_tag
https://openalex.org/W2965857891,Heterogeneous Graph Neural Network,2019,gnn
https://openalex.org/W3096487860,Revisiting Graph Neural Networks for Link Prediction,2021,gnn
https://openalex.org/W3160381762,Line Graph Neural Networks for Link Prediction,2021,gnn
https://openalex.org/W3004507689,MAGNN: Metapath Aggregated Graph Neural Network for Heterogeneous Graph Embedding,2020,gnn
https://openalex.org/W3093002101,Co-Embedding of Nodes and Edges With Graph Neural Networks,2020,gnn
https://openalex.org/W3188579603,Graph Neural Networks and Their Current Applications in Bioinformatics,2021,gnn
https://openalex.org/W3045255111,Streaming Graph Neural Networks,2020,gnn
https://openalex.org/W3126138172,Identity-aware Graph Neural Networks,2021,gnn
https://openalex.org/W4285818445,A Comprehensive Survey of Graph Neural Networks for Knowledge Graphs,2022,gnn
https://openalex.org/W2998313947,EvolveGCN: Evolving Graph Convolutional Networks for Dynamic Graphs,2020,gnn
https://openalex.org/W2970066309,Graph Transformer Networks,2019,gnn
https://openalex.org/W4320086360,On Calibration of Graph Neural Networks for Node Classification,2022,gnn
https://openalex.org/W4312594397,On Calibration of Graph Neural Networks for Node Classification,2022,gnn
https://openalex.org/W2982490267,Hyperbolic Graph Convolutional Neural Networks,2019,gnn
https://openalex.org/W3213267662,Neo-GNNs: Neighborhood Overlap-aware Graph Neural Networks for Link Prediction,2022,gnn
https://openalex.org/W4408092401,Research on Node Classification and Link Prediction of Knowledge Graph in Complex Network Analysis,2024,gnn
https://openalex.org/W3034090344,Second-Order Pooling for Graph Neural Networks,2020,gnn
https://openalex.org/W3131107316,Learning Universal Network Representation via Link Prediction by Graph Convolutional Neural Network,2021,gnn
https://openalex.org/W3024560045,Foundations and Modeling of Dynamic Networks Using Dynamic Graph Neural Networks: A Survey,2021,gnn
https://openalex.org/W4377864489,Self-Explainable Graph Neural Networks for Link Prediction,2023,gnn
https://openalex.org/W4385964823,Evaluating Link Prediction Explanations for Graph Neural Networks,2023,gnn
https://openalex.org/W3172525852,Neural Bellman-Ford Networks: A General Graph Neural Network Framework for Link Prediction,2021,gnn
https://openalex.org/W4213235856,Pre-training graph neural networks for link prediction in biomedical networks,2022,gnn
https://openalex.org/W4402701760,RoCP-GNN: Robust Conformal Prediction for Graph Neural Networks in Node-Classification,2024,gnn
https://openalex.org/W4287670594,Hierarchical message-passing graph neural networks,2022,gnn
https://openalex.org/W4383176585,A Survey on Graph Classification and Link Prediction based on GNN,2023,gnn
https://openalex.org/W2970757764,Hyperbolic Graph Convolutional Neural Networks.,2019,gnn
https://openalex.org/W4313483501,Generative Graph Neural Networks for Link Prediction,2022,gnn
https://openalex.org/W4392121824,Link Prediction with Physics-Inspired Graph Neural Networks,2024,gnn
https://openalex.org/W3116239416,Learning to Drop: Robust Graph Neural Network via Topological Denoising,2021,gnn
https://openalex.org/W7165118844,Multimodal graph neural network with large language models for node and link prediction,2026,gnn
https://openalex.org/W4399510514,GENIE: Watermarking Graph Neural Networks for Link Prediction,2024,gnn
https://openalex.org/W4416251258,Link Prediction with Physics-Inspired Graph Neural Networks,2025,gnn
https://openalex.org/W4407953142,Hyperdimensional Representation Learning for Node Classification and Link Prediction,2025,gnn
https://openalex.org/W4226087736,Reverse Graph Learning for Graph Neural Network,2022,gnn
https://openalex.org/W3007182669,Infinitely Wide Graph Convolutional Networks: Semi-supervised Learning via Gaussian Processes,2020,gnn
https://openalex.org/W2948729509,Semi-Supervised Learning With Graph Learning-Convolutional Networks,2019,gnn
https://openalex.org/W2964051675,Deeper Insights Into Graph Convolutional Networks for Semi-Supervised Learning,2018,gnn
https://openalex.org/W2784814091,Deeper Insights into Graph Convolutional Networks for Semi-Supervised Learning,2018,gnn
https://openalex.org/W2966859223,Graph Convolutional Networks using Heat Kernel for Semi-supervised Learning,2019,gnn
https://openalex.org/W3173292968,Contrastive and Generative Graph Convolutional Networks for Graph-based Semi-Supervised Learning,2021,gnn
https://openalex.org/W4360770799,Interpretable Graph Convolutional Network for Multi-View Semi-Supervised Learning,2023,gnn
https://openalex.org/W3185883045,Chemical toxicity prediction based on semi-supervised learning and graph convolutional neural network,2021,gnn
https://openalex.org/W2997909961,Collaborative Graph Convolutional Networks: Unsupervised Learning Meets Semi-Supervised Learning,2020,gnn
https://openalex.org/W2908061452,Confidence-based Graph Convolutional Networks for Semi-Supervised Learning,2019,gnn
https://openalex.org/W2946963364,Semi supervised learning with graph convolutional networks,2019,gnn
https://openalex.org/W3127696726,On an improvement of Graph Convolutional Network in semi-supervised learning,2020,gnn
https://openalex.org/W3141262995,Dynamic Graph Learning Convolutional Networks for Semi-supervised Classification,2021,gnn
https://openalex.org/W3093959361,Anisotropic Graph Convolutional Network for Semi-Supervised Learning,2020,gnn
https://openalex.org/W2892388093,Graph Laplacian Regularized Graph Convolutional Networks for Semi-supervised Learning,2018,gnn
https://openalex.org/W3046423965,Graph Convolutional Networks using Heat Kernel for Semi-supervised Learning,2020,gnn
https://openalex.org/W3085185025,Contrastive and Generative Graph Convolutional Networks for Graph-based Semi-Supervised Learning,2020,gnn
https://openalex.org/W4407096441,Semi-supervised learning for multi-view and non-graph data using Graph Convolutional Networks,2025,gnn
https://openalex.org/W4405518104,Radar Signal Sorting via Graph Convolutional Network and Semi-Supervised Learning,2024,gnn
https://openalex.org/W3136263832,Community Detection using Semi-supervised Learning with Graph Convolutional Network on GPUs,2020,gnn
https://openalex.org/W4381166207,Deep Graph-Convolutional Generative Adversarial Network for Semi-Supervised Learning on Graphs,2023,gnn
https://openalex.org/W4406110705,Label Guided Graph Optimized Convolutional Network for Semi-Supervised Learning,2025,gnn
https://openalex.org/W2970729253,Semi-supervised Learning on Network Using Structure Features and Graph Convolution,2019,gnn
https://openalex.org/W3213422582,Fully Linear Graph Convolutional Networks for Semi-Supervised Learning and Clustering,2021,gnn
https://openalex.org/W4411555055,Metric learning-enhanced semi-supervised Graph Convolutional Network for multi-view learning,2025,gnn
https://openalex.org/W4408078107,Leveraging Graph Convolutional Networks for Semi-supervised Learning in Multi-view Non-graph Data,2025,gnn
https://openalex.org/W4224925560,Graph Convolutional Network Based Semi-Supervised Learning on Multi-Speaker Meeting Data,2022,gnn
https://openalex.org/W2893976922,Every Node Counts: Self-Ensembling Graph Convolutional Networks for Semi-Supervised Learning,2018,gnn
https://openalex.org/W4411088451,Enhancing Semi-Supervised Learning in Graph Convolutional Networks: The AEWGS Framework,2024,gnn
