citation_id,label,anomaly_type,citing_id,cited_id,citing_title,cited_title,citing_authors,cited_authors,citing_institutions,cited_institutions,citing_year,cited_year,similarity,weak_citation_score,is_existing_citation,temporal_valid,generation_method
CIT_GEN_00001,0,normal,https://openalex.org/W3096487860,https://openalex.org/W2982490267,Revisiting Graph Neural Networks for Link Prediction,Hyperbolic Graph Convolutional Neural Networks,Muhan Zhang; Li Pan; Yinglong Xia; Kai Wang; Long Jin,Ines Chami; Rex Ying; Christopher Ré; Jure Leskovec,Purdue University West Lafayette; Meta (United Kingdom); Meta (United States),Stanford University,2021,2019,0.9463728666305542,0.5321730154378553,True,True,observed_openalex_citation
CIT_GEN_00002,0,normal,https://openalex.org/W3188579603,https://openalex.org/W2964051675,Graph Neural Networks and Their Current Applications in Bioinformatics,Deeper Insights Into Graph Convolutional Networks for Semi-Supervised Learning,Xiaomeng Zhang; Liang Li; Lin Liu; Mingjing Tang,Qimai Li; Zhichao Han; Xiao-Ming Wu,Yunnan Normal University,ETH Zurich; Hong Kong Polytechnic University,2021,2018,0.9323054552078247,0.7076883824963356,True,True,observed_openalex_citation
CIT_GEN_00003,0,normal,https://openalex.org/W3188579603,https://openalex.org/W2965857891,Graph Neural Networks and Their Current Applications in Bioinformatics,Heterogeneous Graph Neural Network,Xiaomeng Zhang; Liang Li; Lin Liu; Mingjing Tang,Chuxu Zhang; Dongjin Song; Chao Huang; Ananthram Swami; Nitesh V. Chawla,Yunnan Normal University,DEVCOM Army Research Laboratory; University of Notre Dame,2021,2019,0.9332141876220703,0.6974937052433352,True,True,observed_openalex_citation
CIT_GEN_00004,0,normal,https://openalex.org/W4285818445,https://openalex.org/W2998313947,A Comprehensive Survey of Graph Neural Networks for Knowledge Graphs,EvolveGCN: Evolving Graph Convolutional Networks for Dynamic Graphs,Zi Ye; Yogan Jaya Kumar; Goh Ong Sing; Fengyan Song; Junsong Wang,Aldo Pareja; Giacomo Domeniconi; Jie Chen; Tengfei Ma; Toyotaro Suzumura; Hiroki Kanezashi; Tim Kaler; Tao B. Schardl; Charles E. Leiserson,Wenzhou Polytechnic; Shenzhen Technology University; Technical University of Malaysia Malacca,Massachusetts Institute of Technology; IBM (United States); MIT Computer Science and Artificial Intelligence Laboratory,2022,2020,0.9035919904708862,0.918779522038256,True,True,observed_openalex_citation
CIT_GEN_00005,0,normal,https://openalex.org/W4312594397,https://openalex.org/W2964051675,On Calibration of Graph Neural Networks for Node Classification,Deeper Insights Into Graph Convolutional Networks for Semi-Supervised Learning,Tong Liu; Yushan Liu; Marcel E. Hildebrandt; Mitchell Joblin; Hang Li; Volker Tresp,Qimai Li; Zhichao Han; Xiao-Ming Wu,Siemens (Germany); Ludwig-Maximilians-Universität München,ETH Zurich; Hong Kong Polytechnic University,2022,2018,0.9315800666809082,0.7156797010637849,True,True,observed_openalex_citation
CIT_GEN_00006,0,normal,https://openalex.org/W3024560045,https://openalex.org/W2998313947,Foundations and Modeling of Dynamic Networks Using Dynamic Graph Neural Networks: A Survey,EvolveGCN: Evolving Graph Convolutional Networks for Dynamic Graphs,Joakim Skarding; Bogdan Gabryś; Katarzyna Musiał,Aldo Pareja; Giacomo Domeniconi; Jie Chen; Tengfei Ma; Toyotaro Suzumura; Hiroki Kanezashi; Tim Kaler; Tao B. Schardl; Charles E. Leiserson,University of Technology Sydney,Massachusetts Institute of Technology; IBM (United States); MIT Computer Science and Artificial Intelligence Laboratory,2021,2020,0.9381393790245056,0.6389814241409333,True,True,observed_openalex_citation
CIT_GEN_00007,0,normal,https://openalex.org/W3024560045,https://openalex.org/W3045255111,Foundations and Modeling of Dynamic Networks Using Dynamic Graph Neural Networks: A Survey,Streaming Graph Neural Networks,Joakim Skarding; Bogdan Gabryś; Katarzyna Musiał,Yao Ma; Ziyi Guo; Zhaocun Ren; Jiliang Tang; Dawei Yin,University of Technology Sydney,Jingdong (China); Shandong University; Michigan State University; Baidu (China),2021,2020,0.9587137699127197,0.3696443602130193,True,True,observed_openalex_citation
CIT_GEN_00008,0,normal,https://openalex.org/W3172525852,https://openalex.org/W2964051675,Neural Bellman-Ford Networks: A General Graph Neural Network Framework for Link Prediction,Deeper Insights Into Graph Convolutional Networks for Semi-Supervised Learning,Zhaocheng Zhu; Zuobai Zhang; Louis-Pascal Xhonneux; Jian Guo Tang,Qimai Li; Zhichao Han; Xiao-Ming Wu,HEC Montréal; Université de Montréal; Mila - Quebec Artificial Intelligence Institute,ETH Zurich; Hong Kong Polytechnic University,2021,2018,0.9188581705093384,0.832883230375822,True,True,observed_openalex_citation
CIT_GEN_00009,0,normal,https://openalex.org/W3172525852,https://openalex.org/W3096487860,Neural Bellman-Ford Networks: A General Graph Neural Network Framework for Link Prediction,Revisiting Graph Neural Networks for Link Prediction,Zhaocheng Zhu; Zuobai Zhang; Louis-Pascal Xhonneux; Jian Guo Tang,Muhan Zhang; Li Pan; Yinglong Xia; Kai Wang; Long Jin,HEC Montréal; Université de Montréal; Mila - Quebec Artificial Intelligence Institute,Purdue University West Lafayette; Meta (United Kingdom); Meta (United States),2021,2021,0.9533270597457886,0.4391734297590344,True,True,observed_openalex_citation
CIT_GEN_00010,0,normal,https://openalex.org/W4287670594,https://openalex.org/W2964051675,Hierarchical message-passing graph neural networks,Deeper Insights Into Graph Convolutional Networks for Semi-Supervised Learning,Zhiqiang Zhong; Cheng–Te Li; Jun Pang,Qimai Li; Zhichao Han; Xiao-Ming Wu,"University of Luxembourg; Interdisciplinary Centre for Security, Reliability and Trust; National Cheng Kung University",ETH Zurich; Hong Kong Polytechnic University,2022,2018,0.9330822229385376,0.6989866243308333,True,True,observed_openalex_citation
CIT_GEN_00011,0,normal,https://openalex.org/W3116239416,https://openalex.org/W2964051675,Learning to Drop: Robust Graph Neural Network via Topological Denoising,Deeper Insights Into Graph Convolutional Networks for Semi-Supervised Learning,Dongsheng Luo; Wei Dong Cheng; Wenchao Yu; Bo Zong; Jingchao Ni; Haifeng Chen; X. D. Zhang,Qimai Li; Zhichao Han; Xiao-Ming Wu,Pennsylvania State University,ETH Zurich; Hong Kong Polytechnic University,2021,2018,0.9399012327194214,0.6168850875692109,True,True,observed_openalex_citation
CIT_GEN_00012,0,normal,https://openalex.org/W7165118844,https://openalex.org/W2948729509,Multimodal graph neural network with large language models for node and link prediction,Semi-Supervised Learning With Graph Learning-Convolutional Networks,Bo Peng; H G Xu; Xiangjiu Che,Bo Jiang; Ziyan Zhang; Doudou Lin; Jin Tang; Bin Luo,Jilin University,Anhui University,2026,2019,0.9331594705581665,0.6981132293758132,True,True,observed_openalex_citation
CIT_GEN_00013,0,normal,https://openalex.org/W7165118844,https://openalex.org/W2964051675,Multimodal graph neural network with large language models for node and link prediction,Deeper Insights Into Graph Convolutional Networks for Semi-Supervised Learning,Bo Peng; H G Xu; Xiangjiu Che,Qimai Li; Zhichao Han; Xiao-Ming Wu,Jilin University,ETH Zurich; Hong Kong Polytechnic University,2026,2018,0.9138568639755249,0.8670049645971181,True,True,observed_openalex_citation
CIT_GEN_00014,0,normal,https://openalex.org/W4226087736,https://openalex.org/W2948729509,Reverse Graph Learning for Graph Neural Network,Semi-Supervised Learning With Graph Learning-Convolutional Networks,Liang Peng; Rongyao Hu; Fei Kong; Jiangzhang Gan; Yujie Mo; Xiaoshuang Shi; Xiaofeng Zhu,Bo Jiang; Ziyan Zhang; Doudou Lin; Jin Tang; Bin Luo,University of Electronic Science and Technology of China,Anhui University,2022,2019,0.9463740587234497,0.532157080070878,True,True,observed_openalex_citation
CIT_GEN_00015,0,normal,https://openalex.org/W3007182669,https://openalex.org/W2948729509,Infinitely Wide Graph Convolutional Networks: Semi-supervised Learning via Gaussian Processes,Semi-Supervised Learning With Graph Learning-Convolutional Networks,Jilin Hu; Jianbing Shen; Bin Yang; Ling Shao,Bo Jiang; Ziyan Zhang; Doudou Lin; Jin Tang; Bin Luo,Aalborg University; Inception Institute of Artificial Intelligence,Anhui University,2020,2019,0.9489113092422485,0.4981437577248215,True,True,observed_openalex_citation
CIT_GEN_00016,0,normal,https://openalex.org/W3173292968,https://openalex.org/W2784814091,Contrastive and Generative Graph Convolutional Networks for Graph-based Semi-Supervised Learning,Deeper Insights into Graph Convolutional Networks for Semi-Supervised Learning,Sheng Wan; Shirui Pan; Jian Jun Yang; Chen Gong,Qimai Li; Zhichao Han; Xiao-Ming Wu,Hong Kong Polytechnic University; Monash University; Nanjing University of Science and Technology,ETH Zurich; Hong Kong Polytechnic University,2021,2018,0.9671595096588135,0.27146251882195316,True,True,observed_openalex_citation
CIT_GEN_00017,0,normal,https://openalex.org/W3173292968,https://openalex.org/W2948729509,Contrastive and Generative Graph Convolutional Networks for Graph-based Semi-Supervised Learning,Semi-Supervised Learning With Graph Learning-Convolutional Networks,Sheng Wan; Shirui Pan; Jian Jun Yang; Chen Gong,Bo Jiang; Ziyan Zhang; Doudou Lin; Jin Tang; Bin Luo,Hong Kong Polytechnic University; Monash University; Nanjing University of Science and Technology,Anhui University,2021,2019,0.9778075218200684,0.17379987828598864,True,True,observed_openalex_citation
CIT_GEN_00018,0,normal,https://openalex.org/W3173292968,https://openalex.org/W2964051675,Contrastive and Generative Graph Convolutional Networks for Graph-based Semi-Supervised Learning,Deeper Insights Into Graph Convolutional Networks for Semi-Supervised Learning,Sheng Wan; Shirui Pan; Jian Jun Yang; Chen Gong,Qimai Li; Zhichao Han; Xiao-Ming Wu,Hong Kong Polytechnic University; Monash University; Nanjing University of Science and Technology,ETH Zurich; Hong Kong Polytechnic University,2021,2018,0.9688656330108643,0.2537292183382276,True,True,observed_openalex_citation
CIT_GEN_00019,0,normal,https://openalex.org/W4360770799,https://openalex.org/W2964051675,Interpretable Graph Convolutional Network for Multi-View Semi-Supervised Learning,Deeper Insights Into Graph Convolutional Networks for Semi-Supervised Learning,Zhihao Wu; Xincan Lin; Zhenghong Lin; Zhaoliang Chen; Yang Bai; Shiping Wang,Qimai Li; Zhichao Han; Xiao-Ming Wu,Chengdu University of Information Technology; Fuzhou University,ETH Zurich; Hong Kong Polytechnic University,2023,2018,0.9457592964172363,0.5403655076920713,True,True,observed_openalex_citation
CIT_GEN_00020,0,normal,https://openalex.org/W2997909961,https://openalex.org/W2784814091,Collaborative Graph Convolutional Networks: Unsupervised Learning Meets Semi-Supervised Learning,Deeper Insights into Graph Convolutional Networks for Semi-Supervised Learning,Binyuan Hui; Pengfei Zhu; Qinghua Hu,Qimai Li; Zhichao Han; Xiao-Ming Wu,Tianjin University,ETH Zurich; Hong Kong Polytechnic University,2020,2018,0.959328293800354,0.3619898346555803,True,True,observed_openalex_citation
CIT_GEN_00021,0,normal,https://openalex.org/W2997909961,https://openalex.org/W2964051675,Collaborative Graph Convolutional Networks: Unsupervised Learning Meets Semi-Supervised Learning,Deeper Insights Into Graph Convolutional Networks for Semi-Supervised Learning,Binyuan Hui; Pengfei Zhu; Qinghua Hu,Qimai Li; Zhichao Han; Xiao-Ming Wu,Tianjin University,ETH Zurich; Hong Kong Polytechnic University,2020,2018,0.9586177468299866,0.37084648442307716,True,True,observed_openalex_citation
CIT_GEN_00022,0,normal,https://openalex.org/W3127696726,https://openalex.org/W2964051675,On an improvement of Graph Convolutional Network in semi-supervised learning,Deeper Insights Into Graph Convolutional Networks for Semi-Supervised Learning,Man Ngo; An Mai; Thanh Bui,Qimai Li; Zhichao Han; Xiao-Ming Wu,Ho Chi Minh City University of Science; Vietnam National University Ho Chi Minh City; Viện John von Neumann,ETH Zurich; Hong Kong Polytechnic University,2020,2018,0.9551984667778015,0.4145959915772088,True,True,observed_openalex_citation
CIT_GEN_00023,0,normal,https://openalex.org/W3093959361,https://openalex.org/W2964051675,Anisotropic Graph Convolutional Network for Semi-Supervised Learning,Deeper Insights Into Graph Convolutional Networks for Semi-Supervised Learning,Mahsa Mesgaran; A. Ben Hamza,Qimai Li; Zhichao Han; Xiao-Ming Wu,Concordia University,ETH Zurich; Hong Kong Polytechnic University,2020,2018,0.9552820920944214,0.4135066494777599,True,True,observed_openalex_citation
CIT_GEN_00024,0,normal,https://openalex.org/W3085185025,https://openalex.org/W2948729509,Contrastive and Generative Graph Convolutional Networks for Graph-based Semi-Supervised Learning,Semi-Supervised Learning With Graph Learning-Convolutional Networks,Sheng Wan; Shirui Pan; Jian Jun Yang; Chen Gong,Bo Jiang; Ziyan Zhang; Doudou Lin; Jin Tang; Bin Luo,University of Amsterdam,Anhui University,2020,2019,0.9796241521835327,0.16023618650407945,True,True,observed_openalex_citation
CIT_GEN_00025,0,normal,https://openalex.org/W3085185025,https://openalex.org/W2964051675,Contrastive and Generative Graph Convolutional Networks for Graph-based Semi-Supervised Learning,Deeper Insights Into Graph Convolutional Networks for Semi-Supervised Learning,Sheng Wan; Shirui Pan; Jian Jun Yang; Chen Gong,Qimai Li; Zhichao Han; Xiao-Ming Wu,University of Amsterdam,ETH Zurich; Hong Kong Polytechnic University,2020,2018,0.969663143157959,0.24570699744965185,True,True,observed_openalex_citation
CIT_GEN_00026,0,normal,https://openalex.org/W4407096441,https://openalex.org/W2948729509,Semi-supervised learning for multi-view and non-graph data using Graph Convolutional Networks,Semi-Supervised Learning With Graph Learning-Convolutional Networks,Fadi Dornaika; Jingjun Bi; Jinan Charafeddine; Huaichun Xiao,Bo Jiang; Ziyan Zhang; Doudou Lin; Jin Tang; Bin Luo,Pôle Léonard de Vinci; Ikerbasque; University of the Basque Country,Anhui University,2025,2019,0.9647843241691589,0.2974050483336355,True,True,observed_openalex_citation
CIT_GEN_00027,0,normal,https://openalex.org/W4407096441,https://openalex.org/W4360770799,Semi-supervised learning for multi-view and non-graph data using Graph Convolutional Networks,Interpretable Graph Convolutional Network for Multi-View Semi-Supervised Learning,Fadi Dornaika; Jingjun Bi; Jinan Charafeddine; Huaichun Xiao,Zhihao Wu; Xincan Lin; Zhenghong Lin; Zhaoliang Chen; Yang Bai; Shiping Wang,Pôle Léonard de Vinci; Ikerbasque; University of the Basque Country,Chengdu University of Information Technology; Fuzhou University,2025,2023,0.9655927419662476,0.28841561765846635,True,True,observed_openalex_citation
CIT_GEN_00028,0,normal,https://openalex.org/W4381166207,https://openalex.org/W2908061452,Deep Graph-Convolutional Generative Adversarial Network for Semi-Supervised Learning on Graphs,Confidence-based Graph Convolutional Networks for Semi-Supervised Learning,Nan Jia; Xiaolin Tian; Wenxing Gao; Licheng Jiao,Shikhar Vashishth; Prateek Yadav; Manik Bhandari; Partha Pratim Talukdar,Xidian University,Indian Institute of Science Bangalore,2023,2019,0.9299630522727966,0.7330108961088294,True,True,observed_openalex_citation
CIT_GEN_00029,0,normal,https://openalex.org/W4381166207,https://openalex.org/W2966859223,Deep Graph-Convolutional Generative Adversarial Network for Semi-Supervised Learning on Graphs,Graph Convolutional Networks using Heat Kernel for Semi-supervised Learning,Nan Jia; Xiaolin Tian; Wenxing Gao; Licheng Jiao,Bingbing Xu; Huawei Shen; Qi Cao; Keting Cen; Xueqi Cheng,Xidian University,Institute of Computing Technology; University of Chinese Academy of Sciences; Chinese Academy of Sciences,2023,2019,0.9302394986152649,0.7300959909670492,True,True,observed_openalex_citation
CIT_GEN_00030,0,normal,https://openalex.org/W4381166207,https://openalex.org/W2982490267,Deep Graph-Convolutional Generative Adversarial Network for Semi-Supervised Learning on Graphs,Hyperbolic Graph Convolutional Neural Networks,Nan Jia; Xiaolin Tian; Wenxing Gao; Licheng Jiao,Ines Chami; Rex Ying; Christopher Ré; Jure Leskovec,Xidian University,Stanford University,2023,2019,0.9236201047897339,0.7942147763185217,True,True,observed_openalex_citation
CIT_GEN_00031,0,normal,https://openalex.org/W4406110705,https://openalex.org/W2948729509,Label Guided Graph Optimized Convolutional Network for Semi-Supervised Learning,Semi-Supervised Learning With Graph Learning-Convolutional Networks,Ziyan Zhang; Bo Jiang; Jin Tang; Bin Luo,Bo Jiang; Ziyan Zhang; Doudou Lin; Jin Tang; Bin Luo,Anhui University,Anhui University,2025,2019,0.9677596092224121,0.2651373158393676,True,True,observed_openalex_citation
CIT_GEN_00032,0,normal,https://openalex.org/W3213422582,https://openalex.org/W2784814091,Fully Linear Graph Convolutional Networks for Semi-Supervised Learning and Clustering,Deeper Insights into Graph Convolutional Networks for Semi-Supervised Learning,Yaoming Cai; Zijia Zhang; Zhihua Cai; Xiaobo Liu; Yao Ding; Pedram Ghamisi,Qimai Li; Zhichao Han; Xiao-Ming Wu,China University of Geosciences,ETH Zurich; Hong Kong Polytechnic University,2021,2018,0.9644689559936523,0.3009553576121237,True,True,observed_openalex_citation
CIT_GEN_00033,0,normal,https://openalex.org/W4411555055,https://openalex.org/W4360770799,Metric learning-enhanced semi-supervised Graph Convolutional Network for multi-view learning,Interpretable Graph Convolutional Network for Multi-View Semi-Supervised Learning,Huaichun Xiao; Fadi Dornaika; Jinan Charafeddine; Jingjun Bi,Zhihao Wu; Xincan Lin; Zhenghong Lin; Zhaoliang Chen; Yang Bai; Shiping Wang,Pôle Léonard de Vinci; Ikerbasque; University of the Basque Country,Chengdu University of Information Technology; Fuzhou University,2025,2023,0.9645711183547974,0.2998026056617698,True,True,observed_openalex_citation
CIT_GEN_00034,0,normal,https://openalex.org/W4408078107,https://openalex.org/W2948729509,Leveraging Graph Convolutional Networks for Semi-supervised Learning in Multi-view Non-graph Data,Semi-Supervised Learning With Graph Learning-Convolutional Networks,Fadi Dornaika; J. Bi; Jinan Charafeddine,Bo Jiang; Ziyan Zhang; Doudou Lin; Jin Tang; Bin Luo,Pôle Léonard de Vinci; Ikerbasque; University of the Basque Country,Anhui University,2025,2019,0.9582011699676514,0.3760800435464623,True,True,observed_openalex_citation
CIT_GEN_00035,0,normal,https://openalex.org/W4408078107,https://openalex.org/W4360770799,Leveraging Graph Convolutional Networks for Semi-supervised Learning in Multi-view Non-graph Data,Interpretable Graph Convolutional Network for Multi-View Semi-Supervised Learning,Fadi Dornaika; J. Bi; Jinan Charafeddine,Zhihao Wu; Xincan Lin; Zhenghong Lin; Zhaoliang Chen; Yang Bai; Shiping Wang,Pôle Léonard de Vinci; Ikerbasque; University of the Basque Country,Chengdu University of Information Technology; Fuzhou University,2025,2023,0.9531732201576233,0.44120888469000275,True,True,observed_openalex_citation
CIT_GEN_00036,0,normal,https://openalex.org/W2893976922,https://openalex.org/W2784814091,Every Node Counts: Self-Ensembling Graph Convolutional Networks for Semi-Supervised Learning,Deeper Insights into Graph Convolutional Networks for Semi-Supervised Learning,Yawei Luo; Tao Guan; Junqing Yu; Ping Liu; Yi Ping Yang,Qimai Li; Zhichao Han; Xiao-Ming Wu,Huazhong University of Science and Technology; Jingdong (China); University of Technology Sydney,ETH Zurich; Hong Kong Polytechnic University,2018,2018,0.9647610187530518,0.2976665853929684,True,True,observed_openalex_citation
