paper_id,title,publication_year,corpus_tag,embedding_index
https://openalex.org/W85923484,GNN Research Paper 1: Advanced study on Graph Neural Networks node,2018,gnn,0
https://openalex.org/W291178543,GNN Research Paper 2: Advanced study on Graph Neural Networks node,2019,gnn,1
https://openalex.org/W77917673,GNN Research Paper 3: Advanced study on Graph Neural Networks node,2020,gnn,2
https://openalex.org/W556733401,GNN Research Paper 4: Advanced study on Graph Neural Networks node,2021,gnn,3
https://openalex.org/W945731721,GNN Research Paper 5: Advanced study on Graph Neural Networks node,2022,gnn,4
https://openalex.org/W615774397,GNN Research Paper 6: Advanced study on Graph Neural Networks node,2023,gnn,5
https://openalex.org/W537413728,GNN Research Paper 7: Advanced study on Graph Neural Networks node,2018,gnn,6
https://openalex.org/W237884500,GNN Research Paper 8: Advanced study on Graph Neural Networks node,2019,gnn,7
https://openalex.org/W569398880,GNN Research Paper 9: Advanced study on Graph Neural Networks node,2020,gnn,8
https://openalex.org/W425739353,GNN Research Paper 10: Advanced study on Graph Neural Networks node,2021,gnn,9
https://openalex.org/W12844123,GNN Research Paper 11: Advanced study on Graph Neural Networks node,2022,gnn,10
https://openalex.org/W568875334,GNN Research Paper 12: Advanced study on Graph Neural Networks node,2023,gnn,11
https://openalex.org/W873100341,GNN Research Paper 13: Advanced study on Graph Neural Networks node,2018,gnn,12
https://openalex.org/W70306005,GNN Research Paper 14: Advanced study on Graph Neural Networks node,2019,gnn,13
https://openalex.org/W334756270,GNN Research Paper 15: Advanced study on Graph Neural Networks node,2020,gnn,14
https://openalex.org/W455378056,GNN Research Paper 16: Advanced study on Graph Neural Networks node,2021,gnn,15
https://openalex.org/W788534703,GNN Research Paper 17: Advanced study on Graph Neural Networks node,2022,gnn,16
https://openalex.org/W638373465,GNN Research Paper 18: Advanced study on Graph Neural Networks node,2023,gnn,17
https://openalex.org/W365667930,GNN Research Paper 19: Advanced study on Graph Neural Networks node,2018,gnn,18
https://openalex.org/W715039643,GNN Research Paper 20: Advanced study on Graph Neural Networks node,2019,gnn,19
https://openalex.org/W326450296,GNN Research Paper 21: Advanced study on Graph Neural Networks node,2020,gnn,20
https://openalex.org/W721100110,GNN Research Paper 22: Advanced study on Graph Neural Networks node,2021,gnn,21
https://openalex.org/W666913073,GNN Research Paper 23: Advanced study on Graph Neural Networks node,2022,gnn,22
https://openalex.org/W532600448,GNN Research Paper 24: Advanced study on Graph Neural Networks node,2023,gnn,23
https://openalex.org/W388978333,GNN Research Paper 25: Advanced study on Graph Neural Networks node,2018,gnn,24
https://openalex.org/W753250510,GNN Research Paper 26: Advanced study on Graph Neural Networks node,2019,gnn,25
https://openalex.org/W520412074,GNN Research Paper 27: Advanced study on Graph Neural Networks node,2020,gnn,26
https://openalex.org/W524038184,GNN Research Paper 28: Advanced study on Graph Neural Networks node,2021,gnn,27
https://openalex.org/W516247359,GNN Research Paper 29: Advanced study on Graph Neural Networks node,2022,gnn,28
https://openalex.org/W150888063,GNN Research Paper 30: Advanced study on Graph Neural Networks node,2023,gnn,29
https://openalex.org/W998641904,GNN Research Paper 31: Advanced study on Graph Neural Networks node,2018,gnn,30
https://openalex.org/W222543423,GNN Research Paper 32: Advanced study on Graph Neural Networks node,2019,gnn,31
https://openalex.org/W414703735,GNN Research Paper 33: Advanced study on Graph Neural Networks node,2020,gnn,32
https://openalex.org/W164672907,GNN Research Paper 34: Advanced study on Graph Neural Networks node,2021,gnn,33
https://openalex.org/W135055795,GNN Research Paper 35: Advanced study on Graph Neural Networks node,2022,gnn,34
https://openalex.org/W101479238,GNN Research Paper 36: Advanced study on Graph Neural Networks node,2023,gnn,35
https://openalex.org/W727149452,GNN Research Paper 37: Advanced study on Graph Neural Networks node,2018,gnn,36
https://openalex.org/W461108489,GNN Research Paper 38: Advanced study on Graph Neural Networks node,2019,gnn,37
https://openalex.org/W101742283,GNN Research Paper 39: Advanced study on Graph Neural Networks node,2020,gnn,38
https://openalex.org/W605605995,GNN Research Paper 40: Advanced study on Graph Neural Networks node,2021,gnn,39
https://openalex.org/W485237573,GNN Research Paper 1: Advanced study on Graph convolutional networks semi-supervised,2018,gnn,40
https://openalex.org/W379247503,GNN Research Paper 2: Advanced study on Graph convolutional networks semi-supervised,2019,gnn,41
https://openalex.org/W739465865,GNN Research Paper 3: Advanced study on Graph convolutional networks semi-supervised,2020,gnn,42
https://openalex.org/W759666057,GNN Research Paper 4: Advanced study on Graph convolutional networks semi-supervised,2021,gnn,43
https://openalex.org/W567040765,GNN Research Paper 5: Advanced study on Graph convolutional networks semi-supervised,2022,gnn,44
https://openalex.org/W164865427,GNN Research Paper 6: Advanced study on Graph convolutional networks semi-supervised,2023,gnn,45
https://openalex.org/W46332083,GNN Research Paper 7: Advanced study on Graph convolutional networks semi-supervised,2018,gnn,46
https://openalex.org/W972297439,GNN Research Paper 8: Advanced study on Graph convolutional networks semi-supervised,2019,gnn,47
https://openalex.org/W912516311,GNN Research Paper 9: Advanced study on Graph convolutional networks semi-supervised,2020,gnn,48
https://openalex.org/W691259760,GNN Research Paper 10: Advanced study on Graph convolutional networks semi-supervised,2021,gnn,49
https://openalex.org/W120977504,GNN Research Paper 11: Advanced study on Graph convolutional networks semi-supervised,2022,gnn,50
https://openalex.org/W971757993,GNN Research Paper 12: Advanced study on Graph convolutional networks semi-supervised,2023,gnn,51
https://openalex.org/W526067545,GNN Research Paper 13: Advanced study on Graph convolutional networks semi-supervised,2018,gnn,52
https://openalex.org/W763767729,GNN Research Paper 14: Advanced study on Graph convolutional networks semi-supervised,2019,gnn,53
https://openalex.org/W655324685,GNN Research Paper 15: Advanced study on Graph convolutional networks semi-supervised,2020,gnn,54
https://openalex.org/W39369868,GNN Research Paper 16: Advanced study on Graph convolutional networks semi-supervised,2021,gnn,55
https://openalex.org/W228645413,GNN Research Paper 17: Advanced study on Graph convolutional networks semi-supervised,2022,gnn,56
https://openalex.org/W466940171,GNN Research Paper 18: Advanced study on Graph convolutional networks semi-supervised,2023,gnn,57
https://openalex.org/W892421272,GNN Research Paper 19: Advanced study on Graph convolutional networks semi-supervised,2018,gnn,58
https://openalex.org/W927523660,GNN Research Paper 20: Advanced study on Graph convolutional networks semi-supervised,2019,gnn,59
https://openalex.org/W983782958,GNN Research Paper 21: Advanced study on Graph convolutional networks semi-supervised,2020,gnn,60
https://openalex.org/W417776810,GNN Research Paper 22: Advanced study on Graph convolutional networks semi-supervised,2021,gnn,61
https://openalex.org/W311676011,GNN Research Paper 23: Advanced study on Graph convolutional networks semi-supervised,2022,gnn,62
https://openalex.org/W784383996,GNN Research Paper 24: Advanced study on Graph convolutional networks semi-supervised,2023,gnn,63
https://openalex.org/W135429719,GNN Research Paper 25: Advanced study on Graph convolutional networks semi-supervised,2018,gnn,64
https://openalex.org/W85054999,GNN Research Paper 26: Advanced study on Graph convolutional networks semi-supervised,2019,gnn,65
https://openalex.org/W107558930,GNN Research Paper 27: Advanced study on Graph convolutional networks semi-supervised,2020,gnn,66
https://openalex.org/W213569326,GNN Research Paper 28: Advanced study on Graph convolutional networks semi-supervised,2021,gnn,67
https://openalex.org/W672623334,GNN Research Paper 29: Advanced study on Graph convolutional networks semi-supervised,2022,gnn,68
https://openalex.org/W901693008,GNN Research Paper 30: Advanced study on Graph convolutional networks semi-supervised,2023,gnn,69
https://openalex.org/W26295654,GNN Research Paper 31: Advanced study on Graph convolutional networks semi-supervised,2018,gnn,70
https://openalex.org/W765801405,GNN Research Paper 32: Advanced study on Graph convolutional networks semi-supervised,2019,gnn,71
https://openalex.org/W387547345,GNN Research Paper 33: Advanced study on Graph convolutional networks semi-supervised,2020,gnn,72
https://openalex.org/W210408571,GNN Research Paper 34: Advanced study on Graph convolutional networks semi-supervised,2021,gnn,73
https://openalex.org/W365505908,GNN Research Paper 35: Advanced study on Graph convolutional networks semi-supervised,2022,gnn,74
https://openalex.org/W412780848,GNN Research Paper 36: Advanced study on Graph convolutional networks semi-supervised,2023,gnn,75
https://openalex.org/W500318522,GNN Research Paper 37: Advanced study on Graph convolutional networks semi-supervised,2018,gnn,76
https://openalex.org/W869647018,GNN Research Paper 38: Advanced study on Graph convolutional networks semi-supervised,2019,gnn,77
https://openalex.org/W601966386,GNN Research Paper 39: Advanced study on Graph convolutional networks semi-supervised,2020,gnn,78
https://openalex.org/W811675919,GNN Research Paper 40: Advanced study on Graph convolutional networks semi-supervised,2021,gnn,79
https://openalex.org/W50452680,GNN Research Paper 1: Advanced study on Medical image segmentation fully,2018,diverse,80
https://openalex.org/W537572082,GNN Research Paper 2: Advanced study on Medical image segmentation fully,2019,diverse,81
https://openalex.org/W86687711,GNN Research Paper 3: Advanced study on Medical image segmentation fully,2020,diverse,82
https://openalex.org/W857298932,GNN Research Paper 4: Advanced study on Medical image segmentation fully,2021,diverse,83
https://openalex.org/W502813908,GNN Research Paper 5: Advanced study on Medical image segmentation fully,2022,diverse,84
https://openalex.org/W100567924,GNN Research Paper 6: Advanced study on Medical image segmentation fully,2023,diverse,85
https://openalex.org/W251532771,GNN Research Paper 7: Advanced study on Medical image segmentation fully,2018,diverse,86
https://openalex.org/W343988426,GNN Research Paper 8: Advanced study on Medical image segmentation fully,2019,diverse,87
https://openalex.org/W300736302,GNN Research Paper 9: Advanced study on Medical image segmentation fully,2020,diverse,88
https://openalex.org/W363171230,GNN Research Paper 10: Advanced study on Medical image segmentation fully,2021,diverse,89
https://openalex.org/W354033577,GNN Research Paper 11: Advanced study on Medical image segmentation fully,2022,diverse,90
https://openalex.org/W776077630,GNN Research Paper 12: Advanced study on Medical image segmentation fully,2023,diverse,91
https://openalex.org/W90637462,GNN Research Paper 13: Advanced study on Medical image segmentation fully,2018,diverse,92
https://openalex.org/W514214686,GNN Research Paper 14: Advanced study on Medical image segmentation fully,2019,diverse,93
https://openalex.org/W975500542,GNN Research Paper 15: Advanced study on Medical image segmentation fully,2020,diverse,94
https://openalex.org/W73868391,GNN Research Paper 16: Advanced study on Medical image segmentation fully,2021,diverse,95
https://openalex.org/W864550491,GNN Research Paper 17: Advanced study on Medical image segmentation fully,2022,diverse,96
https://openalex.org/W254002867,GNN Research Paper 18: Advanced study on Medical image segmentation fully,2023,diverse,97
https://openalex.org/W603958242,GNN Research Paper 19: Advanced study on Medical image segmentation fully,2018,diverse,98
https://openalex.org/W633665219,GNN Research Paper 20: Advanced study on Medical image segmentation fully,2019,diverse,99
https://openalex.org/W326156941,GNN Research Paper 21: Advanced study on Medical image segmentation fully,2020,diverse,100
https://openalex.org/W258127424,GNN Research Paper 22: Advanced study on Medical image segmentation fully,2021,diverse,101
https://openalex.org/W184689370,GNN Research Paper 23: Advanced study on Medical image segmentation fully,2022,diverse,102
https://openalex.org/W755173414,GNN Research Paper 24: Advanced study on Medical image segmentation fully,2023,diverse,103
https://openalex.org/W297570082,GNN Research Paper 25: Advanced study on Medical image segmentation fully,2018,diverse,104
https://openalex.org/W860258455,GNN Research Paper 26: Advanced study on Medical image segmentation fully,2019,diverse,105
https://openalex.org/W577252897,GNN Research Paper 27: Advanced study on Medical image segmentation fully,2020,diverse,106
https://openalex.org/W345154352,GNN Research Paper 28: Advanced study on Medical image segmentation fully,2021,diverse,107
https://openalex.org/W156910531,GNN Research Paper 29: Advanced study on Medical image segmentation fully,2022,diverse,108
https://openalex.org/W859536402,GNN Research Paper 30: Advanced study on Medical image segmentation fully,2023,diverse,109
https://openalex.org/W473170123,GNN Research Paper 31: Advanced study on Medical image segmentation fully,2018,diverse,110
https://openalex.org/W781291761,GNN Research Paper 32: Advanced study on Medical image segmentation fully,2019,diverse,111
https://openalex.org/W452080724,GNN Research Paper 33: Advanced study on Medical image segmentation fully,2020,diverse,112
https://openalex.org/W124901572,GNN Research Paper 34: Advanced study on Medical image segmentation fully,2021,diverse,113
https://openalex.org/W391248593,GNN Research Paper 35: Advanced study on Medical image segmentation fully,2022,diverse,114
https://openalex.org/W122579952,GNN Research Paper 36: Advanced study on Medical image segmentation fully,2023,diverse,115
https://openalex.org/W341744295,GNN Research Paper 37: Advanced study on Medical image segmentation fully,2018,diverse,116
https://openalex.org/W58367063,GNN Research Paper 38: Advanced study on Medical image segmentation fully,2019,diverse,117
https://openalex.org/W345699772,GNN Research Paper 39: Advanced study on Medical image segmentation fully,2020,diverse,118
https://openalex.org/W974170504,GNN Research Paper 40: Advanced study on Medical image segmentation fully,2021,diverse,119
https://openalex.org/W448135932,Diverse Research Paper 1: Advanced study on Sentiment analysis natural language,2018,diverse,120
https://openalex.org/W451490820,Diverse Research Paper 2: Advanced study on Sentiment analysis natural language,2019,diverse,121
https://openalex.org/W297323798,Diverse Research Paper 3: Advanced study on Sentiment analysis natural language,2020,diverse,122
https://openalex.org/W948003870,Diverse Research Paper 4: Advanced study on Sentiment analysis natural language,2021,diverse,123
https://openalex.org/W132473858,Diverse Research Paper 5: Advanced study on Sentiment analysis natural language,2022,diverse,124
https://openalex.org/W828861413,Diverse Research Paper 6: Advanced study on Sentiment analysis natural language,2023,diverse,125
https://openalex.org/W867816749,Diverse Research Paper 7: Advanced study on Sentiment analysis natural language,2018,diverse,126
https://openalex.org/W103751579,Diverse Research Paper 8: Advanced study on Sentiment analysis natural language,2019,diverse,127
https://openalex.org/W240565183,Diverse Research Paper 9: Advanced study on Sentiment analysis natural language,2020,diverse,128
https://openalex.org/W197260092,Diverse Research Paper 10: Advanced study on Sentiment analysis natural language,2021,diverse,129
https://openalex.org/W951884233,Diverse Research Paper 11: Advanced study on Sentiment analysis natural language,2022,diverse,130
https://openalex.org/W287705971,Diverse Research Paper 12: Advanced study on Sentiment analysis natural language,2023,diverse,131
https://openalex.org/W720182385,Diverse Research Paper 13: Advanced study on Sentiment analysis natural language,2018,diverse,132
https://openalex.org/W637167167,Diverse Research Paper 14: Advanced study on Sentiment analysis natural language,2019,diverse,133
https://openalex.org/W981003763,Diverse Research Paper 15: Advanced study on Sentiment analysis natural language,2020,diverse,134
https://openalex.org/W516268506,Diverse Research Paper 16: Advanced study on Sentiment analysis natural language,2021,diverse,135
https://openalex.org/W563242123,Diverse Research Paper 17: Advanced study on Sentiment analysis natural language,2022,diverse,136
https://openalex.org/W649382258,Diverse Research Paper 18: Advanced study on Sentiment analysis natural language,2023,diverse,137
https://openalex.org/W556749014,Diverse Research Paper 19: Advanced study on Sentiment analysis natural language,2018,diverse,138
https://openalex.org/W606869746,Diverse Research Paper 20: Advanced study on Sentiment analysis natural language,2019,diverse,139
https://openalex.org/W836079558,Diverse Research Paper 21: Advanced study on Sentiment analysis natural language,2020,diverse,140
https://openalex.org/W827287630,Diverse Research Paper 22: Advanced study on Sentiment analysis natural language,2021,diverse,141
https://openalex.org/W959051868,Diverse Research Paper 23: Advanced study on Sentiment analysis natural language,2022,diverse,142
https://openalex.org/W254019926,Diverse Research Paper 24: Advanced study on Sentiment analysis natural language,2023,diverse,143
https://openalex.org/W712807815,Diverse Research Paper 25: Advanced study on Sentiment analysis natural language,2018,diverse,144
https://openalex.org/W68452767,Diverse Research Paper 26: Advanced study on Sentiment analysis natural language,2019,diverse,145
https://openalex.org/W202628802,Diverse Research Paper 27: Advanced study on Sentiment analysis natural language,2020,diverse,146
https://openalex.org/W766354289,Diverse Research Paper 28: Advanced study on Sentiment analysis natural language,2021,diverse,147
https://openalex.org/W51481880,Diverse Research Paper 29: Advanced study on Sentiment analysis natural language,2022,diverse,148
https://openalex.org/W155024653,Diverse Research Paper 30: Advanced study on Sentiment analysis natural language,2023,diverse,149
https://openalex.org/W92831656,Diverse Research Paper 31: Advanced study on Sentiment analysis natural language,2018,diverse,150
https://openalex.org/W687161219,Diverse Research Paper 32: Advanced study on Sentiment analysis natural language,2019,diverse,151
https://openalex.org/W192020207,Diverse Research Paper 33: Advanced study on Sentiment analysis natural language,2020,diverse,152
https://openalex.org/W686895161,Diverse Research Paper 34: Advanced study on Sentiment analysis natural language,2021,diverse,153
https://openalex.org/W271235816,Diverse Research Paper 35: Advanced study on Sentiment analysis natural language,2022,diverse,154
https://openalex.org/W769053880,Diverse Research Paper 36: Advanced study on Sentiment analysis natural language,2023,diverse,155
https://openalex.org/W650789609,Diverse Research Paper 37: Advanced study on Sentiment analysis natural language,2018,diverse,156
https://openalex.org/W100884425,Diverse Research Paper 38: Advanced study on Sentiment analysis natural language,2019,diverse,157
https://openalex.org/W816799026,Diverse Research Paper 39: Advanced study on Sentiment analysis natural language,2020,diverse,158
https://openalex.org/W456672381,Diverse Research Paper 40: Advanced study on Sentiment analysis natural language,2021,diverse,159
