citation_id,label,anomaly_type,citing_id,cited_id,citing_title,cited_title,citing_authors,cited_authors,citing_institutions,cited_institutions,citing_year,cited_year,similarity,weak_citation_score,is_existing_citation,temporal_valid,generation_method,split
CIT_ANOM_05185,1,weakly_related,https://openalex.org/W3085185025,https://openalex.org/W2019811003,Contrastive and Generative Graph Convolutional Networks for Graph-based Semi-Supervised Learning,Philosophy of Climate Science,Sheng Wan; Shirui Pan; Jian Jun Yang; Chen Gong,Arthur C. Petersen,University of Amsterdam,Vrije Universiteit Amsterdam,2020,2000,0.704372763633728,0.9999980001585468,False,True,random_cross_field_low_similarity,train
CIT_ANOM_00954,1,weakly_related,https://openalex.org/W2998313947,https://openalex.org/W2135763384,EvolveGCN: Evolving Graph Convolutional Networks for Dynamic Graphs,Do the Measurements of Financial Market Inflation Expectations Yield Relevant Macroeconomic Information,Aldo Pareja; Giacomo Domeniconi; Jie Chen; Tengfei Ma; Toyotaro Suzumura; Hiroki Kanezashi; Tim Kaler; Tao B. Schardl; Charles E. Leiserson,Martin Fukaè,Massachusetts Institute of Technology; IBM (United States); MIT Computer Science and Artificial Intelligence Laboratory,University of Amsterdam,2020,2005,0.6967263221740723,0.9999986735414439,False,True,random_cross_field_low_similarity,train
CIT_ANOM_05783,1,weakly_related,https://openalex.org/W4406110705,https://openalex.org/W1561146369,Label Guided Graph Optimized Convolutional Network for Semi-Supervised Learning,Electrochemical supercapacitors: Energy storage beyond batteries,Ziyan Zhang; Bo Jiang; Jin Tang; Bin Luo,AK Shukla; Srinivasan Sampath; Vijayamohanan K. Pillai,Anhui University,University of Amsterdam,2025,2000,0.7011353373527527,0.999998319245197,False,True,random_cross_field_low_similarity,train
CIT_ANOM_05341,1,weakly_related,https://openalex.org/W4407096441,https://openalex.org/W2773957237,Semi-supervised learning for multi-view and non-graph data using Graph Convolutional Networks,Lithium-Ion Battery Storage for the Grid—A Review of Stationary Battery Storage System Design Tailored for Applications in Modern Power Grids,Fadi Dornaika; Jingjun Bi; Jinan Charafeddine; Huaichun Xiao,Holger Christian Hesse; Michael Schimpe; Daniel Kucevic; Andreas Jossen,Pôle Léonard de Vinci; Ikerbasque; University of the Basque Country,Technical University of Munich,2025,2017,0.6950699090957642,0.9999987864184556,False,True,random_cross_field_low_similarity,train
CIT_ANOM_03838,1,weakly_related,https://openalex.org/W2948729509,https://openalex.org/W2165287946,Semi-Supervised Learning With Graph Learning-Convolutional Networks,Structural Engineering with NiTi. II: Mechanical Behavior and Scaling,Bo Jiang; Ziyan Zhang; Doudou Lin; Jin Tang; Bin Luo,Jason McCormick; Jeff Tyber; Reginald DesRoches; Ken Gall; Hans Jürgen Maier,Anhui University,"Japan Society for the Promotion of Science; Kyoto University; Georgia Institute of Technology; Paderborn University; Disaster Prevention Research Institute, Kyoto University",2019,2007,0.7135562896728516,0.9999967255420545,False,True,random_cross_field_low_similarity,train
CIT_ANOM_06058,1,weakly_related,https://openalex.org/W4411555055,https://openalex.org/W2135763384,Metric learning-enhanced semi-supervised Graph Convolutional Network for multi-view learning,Do the Measurements of Financial Market Inflation Expectations Yield Relevant Macroeconomic Information,Huaichun Xiao; Fadi Dornaika; Jinan Charafeddine; Jingjun Bi,Martin Fukaè,Pôle Léonard de Vinci; Ikerbasque; University of the Basque Country,University of Amsterdam,2025,2005,0.7020062208175659,0.9999982387870673,False,True,random_cross_field_low_similarity,val
CIT_GEN_00013,0,normal,https://openalex.org/W7165118844,https://openalex.org/W2964051675,Multimodal graph neural network with large language models for node and link prediction,Deeper Insights Into Graph Convolutional Networks for Semi-Supervised Learning,Bo Peng; H G Xu; Xiangjiu Che,Qimai Li; Zhichao Han; Xiao-Ming Wu,Jilin University,ETH Zurich; Hong Kong Polytechnic University,2026,2018,0.9138568639755249,0.8670049645971181,True,True,observed_openalex_citation,train
CIT_ANOM_00144,1,weakly_related,https://openalex.org/W3096487860,https://openalex.org/W2135763384,Revisiting Graph Neural Networks for Link Prediction,Do the Measurements of Financial Market Inflation Expectations Yield Relevant Macroeconomic Information,Muhan Zhang; Li Pan; Yinglong Xia; Kai Wang; Long Jin,Martin Fukaè,Purdue University West Lafayette; Meta (United Kingdom); Meta (United States),University of Amsterdam,2021,2005,0.7068774700164795,0.9999977122899097,False,True,random_cross_field_low_similarity,val
CIT_GEN_00020,0,normal,https://openalex.org/W2997909961,https://openalex.org/W2784814091,Collaborative Graph Convolutional Networks: Unsupervised Learning Meets Semi-Supervised Learning,Deeper Insights into Graph Convolutional Networks for Semi-Supervised Learning,Binyuan Hui; Pengfei Zhu; Qinghua Hu,Qimai Li; Zhichao Han; Xiao-Ming Wu,Tianjin University,ETH Zurich; Hong Kong Polytechnic University,2020,2018,0.959328293800354,0.3619898346555803,True,True,observed_openalex_citation,val
CIT_ANOM_03825,1,weakly_related,https://openalex.org/W2948729509,https://openalex.org/W2891106477,Semi-Supervised Learning With Graph Learning-Convolutional Networks,INNOVATIVE SCANNING PROBE METHODS FOR ENERGY STORAGE SCIENCE: ELUCIDATING THE PHYSICS OF BATTERY MATERIALS AT THE NANO-TO-MICROSCALE,Bo Jiang; Ziyan Zhang; Doudou Lin; Jin Tang; Bin Luo,Jonathan M. Larson,Anhui University,University of Amsterdam,2019,2017,0.7029934525489807,0.9999981429123141,False,True,random_cross_field_low_similarity,train
CIT_ANOM_06092,1,weakly_related,https://openalex.org/W4411555055,https://openalex.org/W1561146369,Metric learning-enhanced semi-supervised Graph Convolutional Network for multi-view learning,Electrochemical supercapacitors: Energy storage beyond batteries,Huaichun Xiao; Fadi Dornaika; Jinan Charafeddine; Jingjun Bi,AK Shukla; Srinivasan Sampath; Vijayamohanan K. Pillai,Pôle Léonard de Vinci; Ikerbasque; University of the Basque Country,University of Amsterdam,2025,2000,0.6967059373855591,0.999998674992468,False,True,random_cross_field_low_similarity,val
CIT_ANOM_06071,1,weakly_related,https://openalex.org/W4411555055,https://openalex.org/W1969942819,Metric learning-enhanced semi-supervised Graph Convolutional Network for multi-view learning,Genomic DNA sequencing of mRNA splicing mutants in the hprt gene of chinese hamster ovary cells,Huaichun Xiao; Fadi Dornaika; Jinan Charafeddine; Jingjun Bi,Carrie R. Valentine; Robert H. Heflich,Pôle Léonard de Vinci; Ikerbasque; University of the Basque Country,National Center for Toxicological Research,2025,1995,0.6981901526451111,0.9999985650799417,False,True,random_cross_field_low_similarity,val
CIT_GEN_00027,0,normal,https://openalex.org/W4407096441,https://openalex.org/W4360770799,Semi-supervised learning for multi-view and non-graph data using Graph Convolutional Networks,Interpretable Graph Convolutional Network for Multi-View Semi-Supervised Learning,Fadi Dornaika; Jingjun Bi; Jinan Charafeddine; Huaichun Xiao,Zhihao Wu; Xincan Lin; Zhenghong Lin; Zhaoliang Chen; Yang Bai; Shiping Wang,Pôle Léonard de Vinci; Ikerbasque; University of the Basque Country,Chengdu University of Information Technology; Fuzhou University,2025,2023,0.9655927419662476,0.28841561765846635,True,True,observed_openalex_citation,train
CIT_ANOM_00350,1,weakly_related,https://openalex.org/W3004507689,https://openalex.org/W2135763384,MAGNN: Metapath Aggregated Graph Neural Network for Heterogeneous Graph Embedding,Do the Measurements of Financial Market Inflation Expectations Yield Relevant Macroeconomic Information,Xinyu Fu; Jiani Zhang; Ziqiao Meng; Irwin King,Martin Fukaè,Chinese University of Hong Kong,University of Amsterdam,2020,2005,0.6825384497642517,0.9999993807633747,False,True,random_cross_field_low_similarity,test
CIT_GEN_00032,0,normal,https://openalex.org/W3213422582,https://openalex.org/W2784814091,Fully Linear Graph Convolutional Networks for Semi-Supervised Learning and Clustering,Deeper Insights into Graph Convolutional Networks for Semi-Supervised Learning,Yaoming Cai; Zijia Zhang; Zhihua Cai; Xiaobo Liu; Yao Ding; Pedram Ghamisi,Qimai Li; Zhichao Han; Xiao-Ming Wu,China University of Geosciences,ETH Zurich; Hong Kong Polytechnic University,2021,2018,0.9644689559936523,0.3009553576121237,True,True,observed_openalex_citation,train
CIT_ANOM_06030,1,weakly_related,https://openalex.org/W4411555055,https://openalex.org/W2019811003,Metric learning-enhanced semi-supervised Graph Convolutional Network for multi-view learning,Philosophy of Climate Science,Huaichun Xiao; Fadi Dornaika; Jinan Charafeddine; Jingjun Bi,Arthur C. Petersen,Pôle Léonard de Vinci; Ikerbasque; University of the Basque Country,Vrije Universiteit Amsterdam,2025,2000,0.6931106448173523,0.9999989075985617,False,True,random_cross_field_low_similarity,val
CIT_ANOM_03827,1,weakly_related,https://openalex.org/W2948729509,https://openalex.org/W2769261166,Semi-Supervised Learning With Graph Learning-Convolutional Networks,Lead batteries for utility energy storage: A review,Bo Jiang; Ziyan Zhang; Doudou Lin; Jin Tang; Bin Luo,Geoffrey J. May; Alistair J. Davidson; B. Monahov,Anhui University,International Lead Association,2019,2017,0.7137628793716431,0.9999966890187145,False,True,random_cross_field_low_similarity,train
CIT_ANOM_05239,1,weakly_related,https://openalex.org/W3085185025,https://openalex.org/W2165287946,Contrastive and Generative Graph Convolutional Networks for Graph-based Semi-Supervised Learning,Structural Engineering with NiTi. II: Mechanical Behavior and Scaling,Sheng Wan; Shirui Pan; Jian Jun Yang; Chen Gong,Jason McCormick; Jeff Tyber; Reginald DesRoches; Ken Gall; Hans Jürgen Maier,University of Amsterdam,"Japan Society for the Promotion of Science; Kyoto University; Georgia Institute of Technology; Paderborn University; Disaster Prevention Research Institute, Kyoto University",2020,2007,0.7102700471878052,0.9999972552045111,False,True,random_cross_field_low_similarity,train
CIT_GEN_00005,0,normal,https://openalex.org/W4312594397,https://openalex.org/W2964051675,On Calibration of Graph Neural Networks for Node Classification,Deeper Insights Into Graph Convolutional Networks for Semi-Supervised Learning,Tong Liu; Yushan Liu; Marcel E. Hildebrandt; Mitchell Joblin; Hang Li; Volker Tresp,Qimai Li; Zhichao Han; Xiao-Ming Wu,Siemens (Germany); Ludwig-Maximilians-Universität München,ETH Zurich; Hong Kong Polytechnic University,2022,2018,0.9315800666809082,0.7156797010637849,True,True,observed_openalex_citation,test
CIT_ANOM_04186,1,weakly_related,https://openalex.org/W3173292968,https://openalex.org/W2165287946,Contrastive and Generative Graph Convolutional Networks for Graph-based Semi-Supervised Learning,Structural Engineering with NiTi. II: Mechanical Behavior and Scaling,Sheng Wan; Shirui Pan; Jian Jun Yang; Chen Gong,Jason McCormick; Jeff Tyber; Reginald DesRoches; Ken Gall; Hans Jürgen Maier,Hong Kong Polytechnic University; Monash University; Nanjing University of Science and Technology,"Japan Society for the Promotion of Science; Kyoto University; Georgia Institute of Technology; Paderborn University; Disaster Prevention Research Institute, Kyoto University",2021,2007,0.7108374834060669,0.9999971702920557,False,True,random_cross_field_low_similarity,train
CIT_ANOM_04180,1,weakly_related,https://openalex.org/W3173292968,https://openalex.org/W2126615616,Contrastive and Generative Graph Convolutional Networks for Graph-based Semi-Supervised Learning,Alkaline Storage Batteries,Sheng Wan; Shirui Pan; Jian Jun Yang; Chen Gong,Sebastian Falk; Alvin J. Salkind; Arthur Fleischer,Hong Kong Polytechnic University; Monash University; Nanjing University of Science and Technology,University of Amsterdam,2021,1970,0.7119791507720947,0.9999969914079607,False,True,random_cross_field_low_similarity,train
CIT_ANOM_04256,1,weakly_related,https://openalex.org/W4360770799,https://openalex.org/W2103942637,Interpretable Graph Convolutional Network for Multi-View Semi-Supervised Learning,A macroeconomic model for inflation control in market-based grid environment,Zhihao Wu; Xincan Lin; Zhenghong Lin; Zhaoliang Chen; Yang Bai; Shiping Wang,Leyli Mohammad Khanli,Chengdu University of Information Technology; Fuzhou University,University of Tabriz,2023,2011,0.7127678394317627,0.9999968612686838,False,True,random_cross_field_low_similarity,val
CIT_GEN_00028,0,normal,https://openalex.org/W4381166207,https://openalex.org/W2908061452,Deep Graph-Convolutional Generative Adversarial Network for Semi-Supervised Learning on Graphs,Confidence-based Graph Convolutional Networks for Semi-Supervised Learning,Nan Jia; Xiaolin Tian; Wenxing Gao; Licheng Jiao,Shikhar Vashishth; Prateek Yadav; Manik Bhandari; Partha Pratim Talukdar,Xidian University,Indian Institute of Science Bangalore,2023,2019,0.9299630522727966,0.7330108961088294,True,True,observed_openalex_citation,train
CIT_GEN_00017,0,normal,https://openalex.org/W3173292968,https://openalex.org/W2948729509,Contrastive and Generative Graph Convolutional Networks for Graph-based Semi-Supervised Learning,Semi-Supervised Learning With Graph Learning-Convolutional Networks,Sheng Wan; Shirui Pan; Jian Jun Yang; Chen Gong,Bo Jiang; Ziyan Zhang; Doudou Lin; Jin Tang; Bin Luo,Hong Kong Polytechnic University; Monash University; Nanjing University of Science and Technology,Anhui University,2021,2019,0.9778075218200684,0.17379987828598864,True,True,observed_openalex_citation,train
CIT_GEN_00019,0,normal,https://openalex.org/W4360770799,https://openalex.org/W2964051675,Interpretable Graph Convolutional Network for Multi-View Semi-Supervised Learning,Deeper Insights Into Graph Convolutional Networks for Semi-Supervised Learning,Zhihao Wu; Xincan Lin; Zhenghong Lin; Zhaoliang Chen; Yang Bai; Shiping Wang,Qimai Li; Zhichao Han; Xiao-Ming Wu,Chengdu University of Information Technology; Fuzhou University,ETH Zurich; Hong Kong Polytechnic University,2023,2018,0.9457592964172363,0.5403655076920713,True,True,observed_openalex_citation,val
CIT_GEN_00011,0,normal,https://openalex.org/W3116239416,https://openalex.org/W2964051675,Learning to Drop: Robust Graph Neural Network via Topological Denoising,Deeper Insights Into Graph Convolutional Networks for Semi-Supervised Learning,Dongsheng Luo; Wei Dong Cheng; Wenchao Yu; Bo Zong; Jingchao Ni; Haifeng Chen; X. D. Zhang,Qimai Li; Zhichao Han; Xiao-Ming Wu,Pennsylvania State University,ETH Zurich; Hong Kong Polytechnic University,2021,2018,0.9399012327194214,0.6168850875692109,True,True,observed_openalex_citation,train
CIT_ANOM_06090,1,weakly_related,https://openalex.org/W4411555055,https://openalex.org/W2126615616,Metric learning-enhanced semi-supervised Graph Convolutional Network for multi-view learning,Alkaline Storage Batteries,Huaichun Xiao; Fadi Dornaika; Jinan Charafeddine; Jingjun Bi,Sebastian Falk; Alvin J. Salkind; Arthur Fleischer,Pôle Léonard de Vinci; Ikerbasque; University of the Basque Country,University of Amsterdam,2025,1970,0.7038148045539856,0.9999980591815001,False,True,random_cross_field_low_similarity,val
CIT_ANOM_06087,1,weakly_related,https://openalex.org/W4411555055,https://openalex.org/W2773957237,Metric learning-enhanced semi-supervised Graph Convolutional Network for multi-view learning,Lithium-Ion Battery Storage for the Grid—A Review of Stationary Battery Storage System Design Tailored for Applications in Modern Power Grids,Huaichun Xiao; Fadi Dornaika; Jinan Charafeddine; Jingjun Bi,Holger Christian Hesse; Michael Schimpe; Daniel Kucevic; Andreas Jossen,Pôle Léonard de Vinci; Ikerbasque; University of the Basque Country,Technical University of Munich,2025,2017,0.7042429447174072,0.9999980140495284,False,True,random_cross_field_low_similarity,val
CIT_GEN_00012,0,normal,https://openalex.org/W7165118844,https://openalex.org/W2948729509,Multimodal graph neural network with large language models for node and link prediction,Semi-Supervised Learning With Graph Learning-Convolutional Networks,Bo Peng; H G Xu; Xiangjiu Che,Bo Jiang; Ziyan Zhang; Doudou Lin; Jin Tang; Bin Luo,Jilin University,Anhui University,2026,2019,0.9331594705581665,0.6981132293758132,True,True,observed_openalex_citation,train
CIT_ANOM_06175,1,weakly_related,https://openalex.org/W4408078107,https://openalex.org/W2103942637,Leveraging Graph Convolutional Networks for Semi-supervised Learning in Multi-view Non-graph Data,A macroeconomic model for inflation control in market-based grid environment,Fadi Dornaika; J. Bi; Jinan Charafeddine,Leyli Mohammad Khanli,Pôle Léonard de Vinci; Ikerbasque; University of the Basque Country,University of Tabriz,2025,2011,0.7041091918945312,0.999998028260539,False,True,random_cross_field_low_similarity,train
CIT_ANOM_05207,1,weakly_related,https://openalex.org/W3085185025,https://openalex.org/W1744241458,Contrastive and Generative Graph Convolutional Networks for Graph-based Semi-Supervised Learning,"Flexibility in inflation targeting, financial markets and macroeconomic stability",Sheng Wan; Shirui Pan; Jian Jun Yang; Chen Gong,Meixing Dai; Moïse Sidiropoulos,University of Amsterdam,Université de Strasbourg,2020,2005,0.7135823965072632,0.9999967209489155,False,True,random_cross_field_low_similarity,train
CIT_ANOM_04279,1,weakly_related,https://openalex.org/W4360770799,https://openalex.org/W2891106477,Interpretable Graph Convolutional Network for Multi-View Semi-Supervised Learning,INNOVATIVE SCANNING PROBE METHODS FOR ENERGY STORAGE SCIENCE: ELUCIDATING THE PHYSICS OF BATTERY MATERIALS AT THE NANO-TO-MICROSCALE,Zhihao Wu; Xincan Lin; Zhenghong Lin; Zhaoliang Chen; Yang Bai; Shiping Wang,Jonathan M. Larson,Chengdu University of Information Technology; Fuzhou University,University of Amsterdam,2023,2017,0.7053357362747192,0.9999978940385117,False,True,random_cross_field_low_similarity,val
CIT_ANOM_00031,1,weakly_related,https://openalex.org/W2965857891,https://openalex.org/W2019811003,Heterogeneous Graph Neural Network,Philosophy of Climate Science,Chuxu Zhang; Dongjin Song; Chao Huang; Ananthram Swami; Nitesh V. Chawla,Arthur C. Petersen,DEVCOM Army Research Laboratory; University of Notre Dame,Vrije Universiteit Amsterdam,2019,2000,0.7074623107910156,0.9999976393127161,False,True,random_cross_field_low_similarity,train
CIT_ANOM_05567,1,weakly_related,https://openalex.org/W3136263832,https://openalex.org/W2165287946,Community Detection using Semi-supervised Learning with Graph Convolutional Network on GPUs,Structural Engineering with NiTi. II: Mechanical Behavior and Scaling,Naw Safrin Sattar; Shaikh Arifuzzaman,Jason McCormick; Jeff Tyber; Reginald DesRoches; Ken Gall; Hans Jürgen Maier,LSU New Orleans,"Japan Society for the Promotion of Science; Kyoto University; Georgia Institute of Technology; Paderborn University; Disaster Prevention Research Institute, Kyoto University",2020,2007,0.710777759552002,0.9999971793515723,False,True,random_cross_field_low_similarity,test
CIT_GEN_00001,0,normal,https://openalex.org/W3096487860,https://openalex.org/W2982490267,Revisiting Graph Neural Networks for Link Prediction,Hyperbolic Graph Convolutional Neural Networks,Muhan Zhang; Li Pan; Yinglong Xia; Kai Wang; Long Jin,Ines Chami; Rex Ying; Christopher Ré; Jure Leskovec,Purdue University West Lafayette; Meta (United Kingdom); Meta (United States),Stanford University,2021,2019,0.9463728666305542,0.5321730154378553,True,True,observed_openalex_citation,val
CIT_ANOM_06097,1,weakly_related,https://openalex.org/W4411555055,https://openalex.org/W2165287946,Metric learning-enhanced semi-supervised Graph Convolutional Network for multi-view learning,Structural Engineering with NiTi. II: Mechanical Behavior and Scaling,Huaichun Xiao; Fadi Dornaika; Jinan Charafeddine; Jingjun Bi,Jason McCormick; Jeff Tyber; Reginald DesRoches; Ken Gall; Hans Jürgen Maier,Pôle Léonard de Vinci; Ikerbasque; University of the Basque Country,"Japan Society for the Promotion of Science; Kyoto University; Georgia Institute of Technology; Paderborn University; Disaster Prevention Research Institute, Kyoto University",2025,2007,0.7094492316246033,0.9999973735447705,False,True,random_cross_field_low_similarity,val
CIT_ANOM_04285,1,weakly_related,https://openalex.org/W4360770799,https://openalex.org/W2773957237,Interpretable Graph Convolutional Network for Multi-View Semi-Supervised Learning,Lithium-Ion Battery Storage for the Grid—A Review of Stationary Battery Storage System Design Tailored for Applications in Modern Power Grids,Zhihao Wu; Xincan Lin; Zhenghong Lin; Zhaoliang Chen; Yang Bai; Shiping Wang,Holger Christian Hesse; Michael Schimpe; Daniel Kucevic; Andreas Jossen,Chengdu University of Information Technology; Fuzhou University,Technical University of Munich,2023,2017,0.7101539969444275,0.9999972722541611,False,True,random_cross_field_low_similarity,val
CIT_GEN_00025,0,normal,https://openalex.org/W3085185025,https://openalex.org/W2964051675,Contrastive and Generative Graph Convolutional Networks for Graph-based Semi-Supervised Learning,Deeper Insights Into Graph Convolutional Networks for Semi-Supervised Learning,Sheng Wan; Shirui Pan; Jian Jun Yang; Chen Gong,Qimai Li; Zhichao Han; Xiao-Ming Wu,University of Amsterdam,ETH Zurich; Hong Kong Polytechnic University,2020,2018,0.969663143157959,0.24570699744965185,True,True,observed_openalex_citation,train
CIT_ANOM_06056,1,weakly_related,https://openalex.org/W4411555055,https://openalex.org/W2103942637,Metric learning-enhanced semi-supervised Graph Convolutional Network for multi-view learning,A macroeconomic model for inflation control in market-based grid environment,Huaichun Xiao; Fadi Dornaika; Jinan Charafeddine; Jingjun Bi,Leyli Mohammad Khanli,Pôle Léonard de Vinci; Ikerbasque; University of the Basque Country,University of Tabriz,2025,2011,0.699337899684906,0.9999984738711569,False,True,random_cross_field_low_similarity,val
CIT_ANOM_05721,1,weakly_related,https://openalex.org/W4406110705,https://openalex.org/W2019811003,Label Guided Graph Optimized Convolutional Network for Semi-Supervised Learning,Philosophy of Climate Science,Ziyan Zhang; Bo Jiang; Jin Tang; Bin Luo,Arthur C. Petersen,Anhui University,Vrije Universiteit Amsterdam,2025,2000,0.7118496894836426,0.9999970122483752,False,True,random_cross_field_low_similarity,train
CIT_ANOM_06084,1,weakly_related,https://openalex.org/W4411555055,https://openalex.org/W2769261166,Metric learning-enhanced semi-supervised Graph Convolutional Network for multi-view learning,Lead batteries for utility energy storage: A review,Huaichun Xiao; Fadi Dornaika; Jinan Charafeddine; Jingjun Bi,Geoffrey J. May; Alistair J. Davidson; B. Monahov,Pôle Léonard de Vinci; Ikerbasque; University of the Basque Country,International Lead Association,2025,2017,0.7004207968711853,0.9999983825066477,False,True,random_cross_field_low_similarity,val
CIT_GEN_00016,0,normal,https://openalex.org/W3173292968,https://openalex.org/W2784814091,Contrastive and Generative Graph Convolutional Networks for Graph-based Semi-Supervised Learning,Deeper Insights into Graph Convolutional Networks for Semi-Supervised Learning,Sheng Wan; Shirui Pan; Jian Jun Yang; Chen Gong,Qimai Li; Zhichao Han; Xiao-Ming Wu,Hong Kong Polytechnic University; Monash University; Nanjing University of Science and Technology,ETH Zurich; Hong Kong Polytechnic University,2021,2018,0.9671595096588135,0.27146251882195316,True,True,observed_openalex_citation,train
CIT_ANOM_04174,1,weakly_related,https://openalex.org/W3173292968,https://openalex.org/W2769261166,Contrastive and Generative Graph Convolutional Networks for Graph-based Semi-Supervised Learning,Lead batteries for utility energy storage: A review,Sheng Wan; Shirui Pan; Jian Jun Yang; Chen Gong,Geoffrey J. May; Alistair J. Davidson; B. Monahov,Hong Kong Polytechnic University; Monash University; Nanjing University of Science and Technology,International Lead Association,2021,2017,0.7074158787727356,0.9999976451906771,False,True,random_cross_field_low_similarity,train
CIT_ANOM_06002,1,weakly_related,https://openalex.org/W4411555055,https://openalex.org/W2078430375,Metric learning-enhanced semi-supervised Graph Convolutional Network for multi-view learning,Inorganic scintillators in medical imaging,Huaichun Xiao; Fadi Dornaika; Jinan Charafeddine; Jingjun Bi,Carel W.E. van Eijk,Pôle Léonard de Vinci; Ikerbasque; University of the Basque Country,Delft University of Technology,2025,2002,0.691975474357605,0.9999989721919315,False,True,random_cross_field_low_similarity,val
CIT_GEN_00023,0,normal,https://openalex.org/W3093959361,https://openalex.org/W2964051675,Anisotropic Graph Convolutional Network for Semi-Supervised Learning,Deeper Insights Into Graph Convolutional Networks for Semi-Supervised Learning,Mahsa Mesgaran; A. Ben Hamza,Qimai Li; Zhichao Han; Xiao-Ming Wu,Concordia University,ETH Zurich; Hong Kong Polytechnic University,2020,2018,0.9552820920944214,0.4135066494777599,True,True,observed_openalex_citation,train
CIT_ANOM_04490,1,weakly_related,https://openalex.org/W2997909961,https://openalex.org/W2773957237,Collaborative Graph Convolutional Networks: Unsupervised Learning Meets Semi-Supervised Learning,Lithium-Ion Battery Storage for the Grid—A Review of Stationary Battery Storage System Design Tailored for Applications in Modern Power Grids,Binyuan Hui; Pengfei Zhu; Qinghua Hu,Holger Christian Hesse; Michael Schimpe; Daniel Kucevic; Andreas Jossen,Tianjin University,Technical University of Munich,2020,2017,0.7076807022094727,0.9999976114685188,False,True,random_cross_field_low_similarity,val
CIT_ANOM_01988,1,weakly_related,https://openalex.org/W4377864489,https://openalex.org/W2891106477,Self-Explainable Graph Neural Networks for Link Prediction,INNOVATIVE SCANNING PROBE METHODS FOR ENERGY STORAGE SCIENCE: ELUCIDATING THE PHYSICS OF BATTERY MATERIALS AT THE NANO-TO-MICROSCALE,Huaisheng Zhu; Dongsheng Luo; Xianfeng Tang; Junjie Xu; Hui Liu; Suhang Wang,Jonathan M. Larson,Pennsylvania State University; Michigan State University; Amazon (United States); Florida International University,University of Amsterdam,2023,2017,0.7130523324012756,0.9999968129563047,False,True,random_cross_field_low_similarity,train
CIT_ANOM_06484,1,weakly_related,https://openalex.org/W4411088451,https://openalex.org/W2135763384,Enhancing Semi-Supervised Learning in Graph Convolutional Networks: The AEWGS Framework,Do the Measurements of Financial Market Inflation Expectations Yield Relevant Macroeconomic Information,Yan Ding,Martin Fukaè,Jiangsu University of Science and Technology,University of Amsterdam,2024,2005,0.7087307572364807,0.999997472934904,False,True,random_cross_field_low_similarity,train
CIT_ANOM_04171,1,weakly_related,https://openalex.org/W3173292968,https://openalex.org/W2891106477,Contrastive and Generative Graph Convolutional Networks for Graph-based Semi-Supervised Learning,INNOVATIVE SCANNING PROBE METHODS FOR ENERGY STORAGE SCIENCE: ELUCIDATING THE PHYSICS OF BATTERY MATERIALS AT THE NANO-TO-MICROSCALE,Sheng Wan; Shirui Pan; Jian Jun Yang; Chen Gong,Jonathan M. Larson,Hong Kong Polytechnic University; Monash University; Nanjing University of Science and Technology,University of Amsterdam,2021,2017,0.6971029043197632,0.999998646448025,False,True,random_cross_field_low_similarity,train
CIT_GEN_00031,0,normal,https://openalex.org/W4406110705,https://openalex.org/W2948729509,Label Guided Graph Optimized Convolutional Network for Semi-Supervised Learning,Semi-Supervised Learning With Graph Learning-Convolutional Networks,Ziyan Zhang; Bo Jiang; Jin Tang; Bin Luo,Bo Jiang; Ziyan Zhang; Doudou Lin; Jin Tang; Bin Luo,Anhui University,Anhui University,2025,2019,0.9677596092224121,0.2651373158393676,True,True,observed_openalex_citation,train
CIT_ANOM_05559,1,weakly_related,https://openalex.org/W3136263832,https://openalex.org/W2773957237,Community Detection using Semi-supervised Learning with Graph Convolutional Network on GPUs,Lithium-Ion Battery Storage for the Grid—A Review of Stationary Battery Storage System Design Tailored for Applications in Modern Power Grids,Naw Safrin Sattar; Shaikh Arifuzzaman,Holger Christian Hesse; Michael Schimpe; Daniel Kucevic; Andreas Jossen,LSU New Orleans,Technical University of Munich,2020,2017,0.7060484886169434,0.9999978118828153,False,True,random_cross_field_low_similarity,test
CIT_ANOM_00302,1,weakly_related,https://openalex.org/W3004507689,https://openalex.org/W2078430375,MAGNN: Metapath Aggregated Graph Neural Network for Heterogeneous Graph Embedding,Inorganic scintillators in medical imaging,Xinyu Fu; Jiani Zhang; Ziqiao Meng; Irwin King,Carel W.E. van Eijk,Chinese University of Hong Kong,Delft University of Technology,2020,2002,0.7038393020629883,0.9999980566270077,False,True,random_cross_field_low_similarity,test
CIT_GEN_00010,0,normal,https://openalex.org/W4287670594,https://openalex.org/W2964051675,Hierarchical message-passing graph neural networks,Deeper Insights Into Graph Convolutional Networks for Semi-Supervised Learning,Zhiqiang Zhong; Cheng–Te Li; Jun Pang,Qimai Li; Zhichao Han; Xiao-Ming Wu,"University of Luxembourg; Interdisciplinary Centre for Security, Reliability and Trust; National Cheng Kung University",ETH Zurich; Hong Kong Polytechnic University,2022,2018,0.9330822229385376,0.6989866243308333,True,True,observed_openalex_citation,test
CIT_GEN_00034,0,normal,https://openalex.org/W4408078107,https://openalex.org/W2948729509,Leveraging Graph Convolutional Networks for Semi-supervised Learning in Multi-view Non-graph Data,Semi-Supervised Learning With Graph Learning-Convolutional Networks,Fadi Dornaika; J. Bi; Jinan Charafeddine,Bo Jiang; Ziyan Zhang; Doudou Lin; Jin Tang; Bin Luo,Pôle Léonard de Vinci; Ikerbasque; University of the Basque Country,Anhui University,2025,2019,0.9582011699676514,0.3760800435464623,True,True,observed_openalex_citation,train
CIT_ANOM_04585,1,weakly_related,https://openalex.org/W2908061452,https://openalex.org/W2165287946,Confidence-based Graph Convolutional Networks for Semi-Supervised Learning,Structural Engineering with NiTi. II: Mechanical Behavior and Scaling,Shikhar Vashishth; Prateek Yadav; Manik Bhandari; Partha Pratim Talukdar,Jason McCormick; Jeff Tyber; Reginald DesRoches; Ken Gall; Hans Jürgen Maier,Indian Institute of Science Bangalore,"Japan Society for the Promotion of Science; Kyoto University; Georgia Institute of Technology; Paderborn University; Disaster Prevention Research Institute, Kyoto University",2019,2007,0.7136739492416382,0.9999967047904954,False,True,random_cross_field_low_similarity,train
CIT_GEN_00026,0,normal,https://openalex.org/W4407096441,https://openalex.org/W2948729509,Semi-supervised learning for multi-view and non-graph data using Graph Convolutional Networks,Semi-Supervised Learning With Graph Learning-Convolutional Networks,Fadi Dornaika; Jingjun Bi; Jinan Charafeddine; Huaichun Xiao,Bo Jiang; Ziyan Zhang; Doudou Lin; Jin Tang; Bin Luo,Pôle Léonard de Vinci; Ikerbasque; University of the Basque Country,Anhui University,2025,2019,0.9647843241691589,0.2974050483336355,True,True,observed_openalex_citation,train
CIT_ANOM_06091,1,weakly_related,https://openalex.org/W4411555055,https://openalex.org/W2171249747,Metric learning-enhanced semi-supervised Graph Convolutional Network for multi-view learning,Hydrogen or batteries for grid storage? A net energy analysis,Huaichun Xiao; Fadi Dornaika; Jinan Charafeddine; Jingjun Bi,Matthew A. Pellow; Christopher J. M. Emmott; Charles J. Barnhart; Sally M. Benson,Pôle Léonard de Vinci; Ikerbasque; University of the Basque Country,Stanford University; Western Washington University; Imperial College London,2025,2015,0.7066366076469421,0.9999977416851283,False,True,random_cross_field_low_similarity,val
CIT_GEN_00029,0,normal,https://openalex.org/W4381166207,https://openalex.org/W2966859223,Deep Graph-Convolutional Generative Adversarial Network for Semi-Supervised Learning on Graphs,Graph Convolutional Networks using Heat Kernel for Semi-supervised Learning,Nan Jia; Xiaolin Tian; Wenxing Gao; Licheng Jiao,Bingbing Xu; Huawei Shen; Qi Cao; Keting Cen; Xueqi Cheng,Xidian University,Institute of Computing Technology; University of Chinese Academy of Sciences; Chinese Academy of Sciences,2023,2019,0.9302394986152649,0.7300959909670492,True,True,observed_openalex_citation,train
CIT_ANOM_00007,1,weakly_related,https://openalex.org/W2965857891,https://openalex.org/W2078430375,Heterogeneous Graph Neural Network,Inorganic scintillators in medical imaging,Chuxu Zhang; Dongjin Song; Chao Huang; Ananthram Swami; Nitesh V. Chawla,Carel W.E. van Eijk,DEVCOM Army Research Laboratory; University of Notre Dame,Delft University of Technology,2019,2002,0.7110573649406433,0.9999971366867195,False,True,random_cross_field_low_similarity,train
CIT_ANOM_04128,1,weakly_related,https://openalex.org/W3173292968,https://openalex.org/W2019811003,Contrastive and Generative Graph Convolutional Networks for Graph-based Semi-Supervised Learning,Philosophy of Climate Science,Sheng Wan; Shirui Pan; Jian Jun Yang; Chen Gong,Arthur C. Petersen,Hong Kong Polytechnic University; Monash University; Nanjing University of Science and Technology,Vrije Universiteit Amsterdam,2021,2000,0.7037168145179749,0.9999980693659359,False,True,random_cross_field_low_similarity,train
CIT_ANOM_00048,1,weakly_related,https://openalex.org/W2965857891,https://openalex.org/W2135763384,Heterogeneous Graph Neural Network,Do the Measurements of Financial Market Inflation Expectations Yield Relevant Macroeconomic Information,Chuxu Zhang; Dongjin Song; Chao Huang; Ananthram Swami; Nitesh V. Chawla,Martin Fukaè,DEVCOM Army Research Laboratory; University of Notre Dame,University of Amsterdam,2019,2005,0.7092359066009521,0.9999974034563134,False,True,random_cross_field_low_similarity,train
CIT_ANOM_04577,1,weakly_related,https://openalex.org/W2908061452,https://openalex.org/W2773957237,Confidence-based Graph Convolutional Networks for Semi-Supervised Learning,Lithium-Ion Battery Storage for the Grid—A Review of Stationary Battery Storage System Design Tailored for Applications in Modern Power Grids,Shikhar Vashishth; Prateek Yadav; Manik Bhandari; Partha Pratim Talukdar,Holger Christian Hesse; Michael Schimpe; Daniel Kucevic; Andreas Jossen,Indian Institute of Science Bangalore,Technical University of Munich,2019,2017,0.6982614994049072,0.9999985595725442,False,True,random_cross_field_low_similarity,train
CIT_GEN_00006,0,normal,https://openalex.org/W3024560045,https://openalex.org/W2998313947,Foundations and Modeling of Dynamic Networks Using Dynamic Graph Neural Networks: A Survey,EvolveGCN: Evolving Graph Convolutional Networks for Dynamic Graphs,Joakim Skarding; Bogdan Gabryś; Katarzyna Musiał,Aldo Pareja; Giacomo Domeniconi; Jie Chen; Tengfei Ma; Toyotaro Suzumura; Hiroki Kanezashi; Tim Kaler; Tao B. Schardl; Charles E. Leiserson,University of Technology Sydney,Massachusetts Institute of Technology; IBM (United States); MIT Computer Science and Artificial Intelligence Laboratory,2021,2020,0.9381393790245056,0.6389814241409333,True,True,observed_openalex_citation,train
CIT_ANOM_05338,1,weakly_related,https://openalex.org/W4407096441,https://openalex.org/W2769261166,Semi-supervised learning for multi-view and non-graph data using Graph Convolutional Networks,Lead batteries for utility energy storage: A review,Fadi Dornaika; Jingjun Bi; Jinan Charafeddine; Huaichun Xiao,Geoffrey J. May; Alistair J. Davidson; B. Monahov,Pôle Léonard de Vinci; Ikerbasque; University of the Basque Country,International Lead Association,2025,2017,0.7094170451164246,0.9999973780798037,False,True,random_cross_field_low_similarity,train
CIT_ANOM_04175,1,weakly_related,https://openalex.org/W3173292968,https://openalex.org/W2110416771,Contrastive and Generative Graph Convolutional Networks for Graph-based Semi-Supervised Learning,The Emerging Chemistry of Sodium Ion Batteries for Electrochemical Energy Storage,Sheng Wan; Shirui Pan; Jian Jun Yang; Chen Gong,Dipan Kundu; Elahe Talaie; Victor Duffort; Linda F. Nazar,Hong Kong Polytechnic University; Monash University; Nanjing University of Science and Technology,University of Waterloo,2021,2015,0.712462306022644,0.9999969123388264,False,True,random_cross_field_low_similarity,train
CIT_ANOM_06203,1,weakly_related,https://openalex.org/W4408078107,https://openalex.org/W2769261166,Leveraging Graph Convolutional Networks for Semi-supervised Learning in Multi-view Non-graph Data,Lead batteries for utility energy storage: A review,Fadi Dornaika; J. Bi; Jinan Charafeddine,Geoffrey J. May; Alistair J. Davidson; B. Monahov,Pôle Léonard de Vinci; Ikerbasque; University of the Basque Country,International Lead Association,2025,2017,0.7087472081184387,0.9999974707017982,False,True,random_cross_field_low_similarity,train
CIT_ANOM_05206,1,weakly_related,https://openalex.org/W3085185025,https://openalex.org/W2103942637,Contrastive and Generative Graph Convolutional Networks for Graph-based Semi-Supervised Learning,A macroeconomic model for inflation control in market-based grid environment,Sheng Wan; Shirui Pan; Jian Jun Yang; Chen Gong,Leyli Mohammad Khanli,University of Amsterdam,University of Tabriz,2020,2011,0.6980389356613159,0.9999985766831675,False,True,random_cross_field_low_similarity,train
CIT_GEN_00036,0,normal,https://openalex.org/W2893976922,https://openalex.org/W2784814091,Every Node Counts: Self-Ensembling Graph Convolutional Networks for Semi-Supervised Learning,Deeper Insights into Graph Convolutional Networks for Semi-Supervised Learning,Yawei Luo; Tao Guan; Junqing Yu; Ping Liu; Yi Ping Yang,Qimai Li; Zhichao Han; Xiao-Ming Wu,Huazhong University of Science and Technology; Jingdong (China); University of Technology Sydney,ETH Zurich; Hong Kong Polytechnic University,2018,2018,0.9647610187530518,0.2976665853929684,True,True,observed_openalex_citation,train
CIT_GEN_00035,0,normal,https://openalex.org/W4408078107,https://openalex.org/W4360770799,Leveraging Graph Convolutional Networks for Semi-supervised Learning in Multi-view Non-graph Data,Interpretable Graph Convolutional Network for Multi-View Semi-Supervised Learning,Fadi Dornaika; J. Bi; Jinan Charafeddine,Zhihao Wu; Xincan Lin; Zhenghong Lin; Zhaoliang Chen; Yang Bai; Shiping Wang,Pôle Léonard de Vinci; Ikerbasque; University of the Basque Country,Chengdu University of Information Technology; Fuzhou University,2025,2023,0.9531732201576233,0.44120888469000275,True,True,observed_openalex_citation,train
CIT_ANOM_03176,1,weakly_related,https://openalex.org/W7165118844,https://openalex.org/W2773957237,Multimodal graph neural network with large language models for node and link prediction,Lithium-Ion Battery Storage for the Grid—A Review of Stationary Battery Storage System Design Tailored for Applications in Modern Power Grids,Bo Peng; H G Xu; Xiangjiu Che,Holger Christian Hesse; Michael Schimpe; Daniel Kucevic; Andreas Jossen,Jilin University,Technical University of Munich,2026,2017,0.7091758251190186,0.9999974118190381,False,True,random_cross_field_low_similarity,train
CIT_GEN_00008,0,normal,https://openalex.org/W3172525852,https://openalex.org/W2964051675,Neural Bellman-Ford Networks: A General Graph Neural Network Framework for Link Prediction,Deeper Insights Into Graph Convolutional Networks for Semi-Supervised Learning,Zhaocheng Zhu; Zuobai Zhang; Louis-Pascal Xhonneux; Jian Guo Tang,Qimai Li; Zhichao Han; Xiao-Ming Wu,HEC Montréal; Université de Montréal; Mila - Quebec Artificial Intelligence Institute,ETH Zurich; Hong Kong Polytechnic University,2021,2018,0.9188581705093384,0.832883230375822,True,True,observed_openalex_citation,train
CIT_ANOM_05231,1,weakly_related,https://openalex.org/W3085185025,https://openalex.org/W2773957237,Contrastive and Generative Graph Convolutional Networks for Graph-based Semi-Supervised Learning,Lithium-Ion Battery Storage for the Grid—A Review of Stationary Battery Storage System Design Tailored for Applications in Modern Power Grids,Sheng Wan; Shirui Pan; Jian Jun Yang; Chen Gong,Holger Christian Hesse; Michael Schimpe; Daniel Kucevic; Andreas Jossen,University of Amsterdam,Technical University of Munich,2020,2017,0.6955013275146484,0.9999987579791002,False,True,random_cross_field_low_similarity,train
CIT_ANOM_03806,1,weakly_related,https://openalex.org/W2948729509,https://openalex.org/W2103942637,Semi-Supervised Learning With Graph Learning-Convolutional Networks,A macroeconomic model for inflation control in market-based grid environment,Bo Jiang; Ziyan Zhang; Doudou Lin; Jin Tang; Bin Luo,Leyli Mohammad Khanli,Anhui University,University of Tabriz,2019,2011,0.7042797803878784,0.9999980101178442,False,True,random_cross_field_low_similarity,train
CIT_ANOM_05536,1,weakly_related,https://openalex.org/W3136263832,https://openalex.org/W2135763384,Community Detection using Semi-supervised Learning with Graph Convolutional Network on GPUs,Do the Measurements of Financial Market Inflation Expectations Yield Relevant Macroeconomic Information,Naw Safrin Sattar; Shaikh Arifuzzaman,Martin Fukaè,LSU New Orleans,University of Amsterdam,2020,2005,0.7062817215919495,0.9999977843091398,False,True,random_cross_field_low_similarity,test
CIT_ANOM_00094,1,weakly_related,https://openalex.org/W3096487860,https://openalex.org/W2078430375,Revisiting Graph Neural Networks for Link Prediction,Inorganic scintillators in medical imaging,Muhan Zhang; Li Pan; Yinglong Xia; Kai Wang; Long Jin,Carel W.E. van Eijk,Purdue University West Lafayette; Meta (United Kingdom); Meta (United States),Delft University of Technology,2021,2002,0.7107507586479187,0.9999971834378157,False,True,random_cross_field_low_similarity,val
CIT_ANOM_03835,1,weakly_related,https://openalex.org/W2948729509,https://openalex.org/W1561146369,Semi-Supervised Learning With Graph Learning-Convolutional Networks,Electrochemical supercapacitors: Energy storage beyond batteries,Bo Jiang; Ziyan Zhang; Doudou Lin; Jin Tang; Bin Luo,AK Shukla; Srinivasan Sampath; Vijayamohanan K. Pillai,Anhui University,University of Amsterdam,2019,2000,0.7120576500892639,0.99999697870057,False,True,random_cross_field_low_similarity,train
CIT_GEN_00009,0,normal,https://openalex.org/W3172525852,https://openalex.org/W3096487860,Neural Bellman-Ford Networks: A General Graph Neural Network Framework for Link Prediction,Revisiting Graph Neural Networks for Link Prediction,Zhaocheng Zhu; Zuobai Zhang; Louis-Pascal Xhonneux; Jian Guo Tang,Muhan Zhang; Li Pan; Yinglong Xia; Kai Wang; Long Jin,HEC Montréal; Université de Montréal; Mila - Quebec Artificial Intelligence Institute,Purdue University West Lafayette; Meta (United Kingdom); Meta (United States),2021,2021,0.9533270597457886,0.4391734297590344,True,True,observed_openalex_citation,train
CIT_GEN_00014,0,normal,https://openalex.org/W4226087736,https://openalex.org/W2948729509,Reverse Graph Learning for Graph Neural Network,Semi-Supervised Learning With Graph Learning-Convolutional Networks,Liang Peng; Rongyao Hu; Fei Kong; Jiangzhang Gan; Yujie Mo; Xiaoshuang Shi; Xiaofeng Zhu,Bo Jiang; Ziyan Zhang; Doudou Lin; Jin Tang; Bin Luo,University of Electronic Science and Technology of China,Anhui University,2022,2019,0.9463740587234497,0.532157080070878,True,True,observed_openalex_citation,train
CIT_ANOM_04271,1,weakly_related,https://openalex.org/W4360770799,https://openalex.org/W1969942819,Interpretable Graph Convolutional Network for Multi-View Semi-Supervised Learning,Genomic DNA sequencing of mRNA splicing mutants in the hprt gene of chinese hamster ovary cells,Zhihao Wu; Xincan Lin; Zhenghong Lin; Zhaoliang Chen; Yang Bai; Shiping Wang,Carrie R. Valentine; Robert H. Heflich,Chengdu University of Information Technology; Fuzhou University,National Center for Toxicological Research,2023,1995,0.7090804576873779,0.9999974250379324,False,True,random_cross_field_low_similarity,val
CIT_GEN_00004,0,normal,https://openalex.org/W4285818445,https://openalex.org/W2998313947,A Comprehensive Survey of Graph Neural Networks for Knowledge Graphs,EvolveGCN: Evolving Graph Convolutional Networks for Dynamic Graphs,Zi Ye; Yogan Jaya Kumar; Goh Ong Sing; Fengyan Song; Junsong Wang,Aldo Pareja; Giacomo Domeniconi; Jie Chen; Tengfei Ma; Toyotaro Suzumura; Hiroki Kanezashi; Tim Kaler; Tao B. Schardl; Charles E. Leiserson,Wenzhou Polytechnic; Shenzhen Technology University; Technical University of Malaysia Malacca,Massachusetts Institute of Technology; IBM (United States); MIT Computer Science and Artificial Intelligence Laboratory,2022,2020,0.9035919904708862,0.918779522038256,True,True,observed_openalex_citation,train
CIT_GEN_00018,0,normal,https://openalex.org/W3173292968,https://openalex.org/W2964051675,Contrastive and Generative Graph Convolutional Networks for Graph-based Semi-Supervised Learning,Deeper Insights Into Graph Convolutional Networks for Semi-Supervised Learning,Sheng Wan; Shirui Pan; Jian Jun Yang; Chen Gong,Qimai Li; Zhichao Han; Xiao-Ming Wu,Hong Kong Polytechnic University; Monash University; Nanjing University of Science and Technology,ETH Zurich; Hong Kong Polytechnic University,2021,2018,0.9688656330108643,0.2537292183382276,True,True,observed_openalex_citation,train
CIT_ANOM_04177,1,weakly_related,https://openalex.org/W3173292968,https://openalex.org/W2773957237,Contrastive and Generative Graph Convolutional Networks for Graph-based Semi-Supervised Learning,Lithium-Ion Battery Storage for the Grid—A Review of Stationary Battery Storage System Design Tailored for Applications in Modern Power Grids,Sheng Wan; Shirui Pan; Jian Jun Yang; Chen Gong,Holger Christian Hesse; Michael Schimpe; Daniel Kucevic; Andreas Jossen,Hong Kong Polytechnic University; Monash University; Nanjing University of Science and Technology,Technical University of Munich,2021,2017,0.6907991766929626,0.9999990350989836,False,True,random_cross_field_low_similarity,train
CIT_ANOM_05771,1,weakly_related,https://openalex.org/W4406110705,https://openalex.org/W2891106477,Label Guided Graph Optimized Convolutional Network for Semi-Supervised Learning,INNOVATIVE SCANNING PROBE METHODS FOR ENERGY STORAGE SCIENCE: ELUCIDATING THE PHYSICS OF BATTERY MATERIALS AT THE NANO-TO-MICROSCALE,Ziyan Zhang; Bo Jiang; Jin Tang; Bin Luo,Jonathan M. Larson,Anhui University,University of Amsterdam,2025,2017,0.704358696937561,0.9999980016684037,False,True,random_cross_field_low_similarity,train
CIT_ANOM_04181,1,weakly_related,https://openalex.org/W3173292968,https://openalex.org/W2171249747,Contrastive and Generative Graph Convolutional Networks for Graph-based Semi-Supervised Learning,Hydrogen or batteries for grid storage? A net energy analysis,Sheng Wan; Shirui Pan; Jian Jun Yang; Chen Gong,Matthew A. Pellow; Christopher J. M. Emmott; Charles J. Barnhart; Sally M. Benson,Hong Kong Polytechnic University; Monash University; Nanjing University of Science and Technology,Stanford University; Western Washington University; Imperial College London,2021,2015,0.711006760597229,0.999997144455959,False,True,random_cross_field_low_similarity,train
CIT_GEN_00007,0,normal,https://openalex.org/W3024560045,https://openalex.org/W3045255111,Foundations and Modeling of Dynamic Networks Using Dynamic Graph Neural Networks: A Survey,Streaming Graph Neural Networks,Joakim Skarding; Bogdan Gabryś; Katarzyna Musiał,Yao Ma; Ziyi Guo; Zhaocun Ren; Jiliang Tang; Dawei Yin,University of Technology Sydney,Jingdong (China); Shandong University; Michigan State University; Baidu (China),2021,2020,0.9587137699127197,0.3696443602130193,True,True,observed_openalex_citation,train
CIT_ANOM_00906,1,weakly_related,https://openalex.org/W2998313947,https://openalex.org/W2078430375,EvolveGCN: Evolving Graph Convolutional Networks for Dynamic Graphs,Inorganic scintillators in medical imaging,Aldo Pareja; Giacomo Domeniconi; Jie Chen; Tengfei Ma; Toyotaro Suzumura; Hiroki Kanezashi; Tim Kaler; Tao B. Schardl; Charles E. Leiserson,Carel W.E. van Eijk,Massachusetts Institute of Technology; IBM (United States); MIT Computer Science and Artificial Intelligence Laboratory,Delft University of Technology,2020,2002,0.7082322835922241,0.9999975396726749,False,True,random_cross_field_low_similarity,train
CIT_ANOM_06085,1,weakly_related,https://openalex.org/W4411555055,https://openalex.org/W2110416771,Metric learning-enhanced semi-supervised Graph Convolutional Network for multi-view learning,The Emerging Chemistry of Sodium Ion Batteries for Electrochemical Energy Storage,Huaichun Xiao; Fadi Dornaika; Jinan Charafeddine; Jingjun Bi,Dipan Kundu; Elahe Talaie; Victor Duffort; Linda F. Nazar,Pôle Léonard de Vinci; Ikerbasque; University of the Basque Country,University of Waterloo,2025,2015,0.7117892503738403,0.9999970219282499,False,True,random_cross_field_low_similarity,val
CIT_ANOM_05228,1,weakly_related,https://openalex.org/W3085185025,https://openalex.org/W2769261166,Contrastive and Generative Graph Convolutional Networks for Graph-based Semi-Supervised Learning,Lead batteries for utility energy storage: A review,Sheng Wan; Shirui Pan; Jian Jun Yang; Chen Gong,Geoffrey J. May; Alistair J. Davidson; B. Monahov,University of Amsterdam,International Lead Association,2020,2017,0.7107359170913696,0.9999971856813749,False,True,random_cross_field_low_similarity,train
CIT_ANOM_06206,1,weakly_related,https://openalex.org/W4408078107,https://openalex.org/W2773957237,Leveraging Graph Convolutional Networks for Semi-supervised Learning in Multi-view Non-graph Data,Lithium-Ion Battery Storage for the Grid—A Review of Stationary Battery Storage System Design Tailored for Applications in Modern Power Grids,Fadi Dornaika; J. Bi; Jinan Charafeddine,Holger Christian Hesse; Michael Schimpe; Daniel Kucevic; Andreas Jossen,Pôle Léonard de Vinci; Ikerbasque; University of the Basque Country,Technical University of Munich,2025,2017,0.6986768245697021,0.9999985270905044,False,True,random_cross_field_low_similarity,train
CIT_ANOM_04467,1,weakly_related,https://openalex.org/W2997909961,https://openalex.org/W2135763384,Collaborative Graph Convolutional Networks: Unsupervised Learning Meets Semi-Supervised Learning,Do the Measurements of Financial Market Inflation Expectations Yield Relevant Macroeconomic Information,Binyuan Hui; Pengfei Zhu; Qinghua Hu,Martin Fukaè,Tianjin University,University of Amsterdam,2020,2005,0.6980473399162292,0.9999985760407593,False,True,random_cross_field_low_similarity,val
CIT_ANOM_04484,1,weakly_related,https://openalex.org/W2997909961,https://openalex.org/W2891106477,Collaborative Graph Convolutional Networks: Unsupervised Learning Meets Semi-Supervised Learning,INNOVATIVE SCANNING PROBE METHODS FOR ENERGY STORAGE SCIENCE: ELUCIDATING THE PHYSICS OF BATTERY MATERIALS AT THE NANO-TO-MICROSCALE,Binyuan Hui; Pengfei Zhu; Qinghua Hu,Jonathan M. Larson,Tianjin University,University of Amsterdam,2020,2017,0.7139044404029846,0.9999966637569616,False,True,random_cross_field_low_similarity,val
CIT_ANOM_04182,1,weakly_related,https://openalex.org/W3173292968,https://openalex.org/W1561146369,Contrastive and Generative Graph Convolutional Networks for Graph-based Semi-Supervised Learning,Electrochemical supercapacitors: Energy storage beyond batteries,Sheng Wan; Shirui Pan; Jian Jun Yang; Chen Gong,AK Shukla; Srinivasan Sampath; Vijayamohanan K. Pillai,Hong Kong Polytechnic University; Monash University; Nanjing University of Science and Technology,University of Amsterdam,2021,2000,0.6969019770622253,0.9999986609720048,False,True,random_cross_field_low_similarity,train
CIT_ANOM_05852,1,weakly_related,https://openalex.org/W2970729253,https://openalex.org/W2135763384,Semi-supervised Learning on Network Using Structure Features and Graph Convolution,Do the Measurements of Financial Market Inflation Expectations Yield Relevant Macroeconomic Information,Makoto Tachibana; Tsuyoshi Murata,Martin Fukaè,Tokyo Institute of Technology,University of Amsterdam,2019,2005,0.7086321711540222,0.9999974862761066,False,True,random_cross_field_low_similarity,train
CIT_ANOM_06045,1,weakly_related,https://openalex.org/W4411555055,https://openalex.org/W2127476636,Metric learning-enhanced semi-supervised Graph Convolutional Network for multi-view learning,Impact of Fungicide Resistance in Plant Pathogens on Crop Disease Control and Agricultural Environment,Huaichun Xiao; Fadi Dornaika; Jinan Charafeddine; Jingjun Bi,Hideo Ishii,Pôle Léonard de Vinci; Ikerbasque; University of the Basque Country,National Institute for Agro-Environmental Sciences,2025,2006,0.7018040418624878,0.999998257802443,False,True,random_cross_field_low_similarity,val
CIT_ANOM_06210,1,weakly_related,https://openalex.org/W4408078107,https://openalex.org/W2171249747,Leveraging Graph Convolutional Networks for Semi-supervised Learning in Multi-view Non-graph Data,Hydrogen or batteries for grid storage? A net energy analysis,Fadi Dornaika; J. Bi; Jinan Charafeddine,Matthew A. Pellow; Christopher J. M. Emmott; Charles J. Barnhart; Sally M. Benson,Pôle Léonard de Vinci; Ikerbasque; University of the Basque Country,Stanford University; Western Washington University; Imperial College London,2025,2015,0.7137743234634399,0.9999966869836272,False,True,random_cross_field_low_similarity,train
CIT_ANOM_04572,1,weakly_related,https://openalex.org/W2908061452,https://openalex.org/W2891106477,Confidence-based Graph Convolutional Networks for Semi-Supervised Learning,INNOVATIVE SCANNING PROBE METHODS FOR ENERGY STORAGE SCIENCE: ELUCIDATING THE PHYSICS OF BATTERY MATERIALS AT THE NANO-TO-MICROSCALE,Shikhar Vashishth; Prateek Yadav; Manik Bhandari; Partha Pratim Talukdar,Jonathan M. Larson,Indian Institute of Science Bangalore,University of Amsterdam,2019,2017,0.7063665390014648,0.9999977741957806,False,True,random_cross_field_low_similarity,train
CIT_ANOM_03808,1,weakly_related,https://openalex.org/W2948729509,https://openalex.org/W2135763384,Semi-Supervised Learning With Graph Learning-Convolutional Networks,Do the Measurements of Financial Market Inflation Expectations Yield Relevant Macroeconomic Information,Bo Jiang; Ziyan Zhang; Doudou Lin; Jin Tang; Bin Luo,Martin Fukaè,Anhui University,University of Amsterdam,2019,2005,0.7104687690734863,0.9999972257612143,False,True,random_cross_field_low_similarity,train
CIT_ANOM_00327,1,weakly_related,https://openalex.org/W3004507689,https://openalex.org/W2019811003,MAGNN: Metapath Aggregated Graph Neural Network for Heterogeneous Graph Embedding,Philosophy of Climate Science,Xinyu Fu; Jiani Zhang; Ziqiao Meng; Irwin King,Arthur C. Petersen,Chinese University of Hong Kong,Vrije Universiteit Amsterdam,2020,2000,0.7083964347839355,0.9999975178923637,False,True,random_cross_field_low_similarity,test
CIT_ANOM_04150,1,weakly_related,https://openalex.org/W3173292968,https://openalex.org/W2103942637,Contrastive and Generative Graph Convolutional Networks for Graph-based Semi-Supervised Learning,A macroeconomic model for inflation control in market-based grid environment,Sheng Wan; Shirui Pan; Jian Jun Yang; Chen Gong,Leyli Mohammad Khanli,Hong Kong Polytechnic University; Monash University; Nanjing University of Science and Technology,University of Tabriz,2021,2011,0.6943939328193665,0.9999988296753554,False,True,random_cross_field_low_similarity,train
CIT_ANOM_04152,1,weakly_related,https://openalex.org/W3173292968,https://openalex.org/W2135763384,Contrastive and Generative Graph Convolutional Networks for Graph-based Semi-Supervised Learning,Do the Measurements of Financial Market Inflation Expectations Yield Relevant Macroeconomic Information,Sheng Wan; Shirui Pan; Jian Jun Yang; Chen Gong,Martin Fukaè,Hong Kong Polytechnic University; Monash University; Nanjing University of Science and Technology,University of Amsterdam,2021,2005,0.7008418440818787,0.9999983455235025,False,True,random_cross_field_low_similarity,train
CIT_ANOM_00224,1,weakly_related,https://openalex.org/W3160381762,https://openalex.org/W2019811003,Line Graph Neural Networks for Link Prediction,Philosophy of Climate Science,Lei Cai; Jundong Li; Jie Wang; Shuiwang Ji,Arthur C. Petersen,Texas A&M University; University of Science and Technology of China; University of Virginia,Vrije Universiteit Amsterdam,2021,2000,0.7082511186599731,0.9999975371832927,False,True,random_cross_field_low_similarity,test
CIT_ANOM_01042,1,weakly_related,https://openalex.org/W2970066309,https://openalex.org/W2135763384,Graph Transformer Networks,Do the Measurements of Financial Market Inflation Expectations Yield Relevant Macroeconomic Information,Seongjun Yun; Minbyul Jeong; Raehyun Kim; Jaewoo Kang; Hyunwoo J. Kim,Martin Fukaè,Korea University,University of Amsterdam,2019,2005,0.6973462700843811,0.9999986286452661,False,True,random_cross_field_low_similarity,test
CIT_ANOM_03791,1,weakly_related,https://openalex.org/W2948729509,https://openalex.org/W2019811003,Semi-Supervised Learning With Graph Learning-Convolutional Networks,Philosophy of Climate Science,Bo Jiang; Ziyan Zhang; Doudou Lin; Jin Tang; Bin Luo,Arthur C. Petersen,Anhui University,Vrije Universiteit Amsterdam,2019,2000,0.7082124352455139,0.9999975422932569,False,True,random_cross_field_low_similarity,train
CIT_ANOM_00189,1,weakly_related,https://openalex.org/W3096487860,https://openalex.org/W1914799233,Revisiting Graph Neural Networks for Link Prediction,Music Perception as a Topic of Cognitive Psychology,Muhan Zhang; Li Pan; Yinglong Xia; Kai Wang; Long Jin,Aslı Aslan,Purdue University West Lafayette; Meta (United Kingdom); Meta (United States),Mersin Üniversitesi,2021,2007,0.711782693862915,0.9999970229764474,False,True,random_cross_field_low_similarity,val
CIT_ANOM_05225,1,weakly_related,https://openalex.org/W3085185025,https://openalex.org/W2891106477,Contrastive and Generative Graph Convolutional Networks for Graph-based Semi-Supervised Learning,INNOVATIVE SCANNING PROBE METHODS FOR ENERGY STORAGE SCIENCE: ELUCIDATING THE PHYSICS OF BATTERY MATERIALS AT THE NANO-TO-MICROSCALE,Sheng Wan; Shirui Pan; Jian Jun Yang; Chen Gong,Jonathan M. Larson,University of Amsterdam,University of Amsterdam,2020,2017,0.7007712125778198,0.999998351786007,False,True,random_cross_field_low_similarity,train
CIT_ANOM_04582,1,weakly_related,https://openalex.org/W2908061452,https://openalex.org/W1561146369,Confidence-based Graph Convolutional Networks for Semi-Supervised Learning,Electrochemical supercapacitors: Energy storage beyond batteries,Shikhar Vashishth; Prateek Yadav; Manik Bhandari; Partha Pratim Talukdar,AK Shukla; Srinivasan Sampath; Vijayamohanan K. Pillai,Indian Institute of Science Bangalore,University of Amsterdam,2019,2000,0.7050652503967285,0.9999979244023909,False,True,random_cross_field_low_similarity,train
CIT_GEN_00033,0,normal,https://openalex.org/W4411555055,https://openalex.org/W4360770799,Metric learning-enhanced semi-supervised Graph Convolutional Network for multi-view learning,Interpretable Graph Convolutional Network for Multi-View Semi-Supervised Learning,Huaichun Xiao; Fadi Dornaika; Jinan Charafeddine; Jingjun Bi,Zhihao Wu; Xincan Lin; Zhenghong Lin; Zhaoliang Chen; Yang Bai; Shiping Wang,Pôle Léonard de Vinci; Ikerbasque; University of the Basque Country,Chengdu University of Information Technology; Fuzhou University,2025,2023,0.9645711183547974,0.2998026056617698,True,True,observed_openalex_citation,val
CIT_ANOM_01064,1,weakly_related,https://openalex.org/W2970066309,https://openalex.org/W2773957237,Graph Transformer Networks,Lithium-Ion Battery Storage for the Grid—A Review of Stationary Battery Storage System Design Tailored for Applications in Modern Power Grids,Seongjun Yun; Minbyul Jeong; Raehyun Kim; Jaewoo Kang; Hyunwoo J. Kim,Holger Christian Hesse; Michael Schimpe; Daniel Kucevic; Andreas Jossen,Korea University,Technical University of Munich,2019,2017,0.7136073708534241,0.9999967165489928,False,True,random_cross_field_low_similarity,test
CIT_ANOM_05236,1,weakly_related,https://openalex.org/W3085185025,https://openalex.org/W1561146369,Contrastive and Generative Graph Convolutional Networks for Graph-based Semi-Supervised Learning,Electrochemical supercapacitors: Energy storage beyond batteries,Sheng Wan; Shirui Pan; Jian Jun Yang; Chen Gong,AK Shukla; Srinivasan Sampath; Vijayamohanan K. Pillai,University of Amsterdam,University of Amsterdam,2020,2000,0.700912356376648,0.9999983392478332,False,True,random_cross_field_low_similarity,train
CIT_ANOM_04290,1,weakly_related,https://openalex.org/W4360770799,https://openalex.org/W1561146369,Interpretable Graph Convolutional Network for Multi-View Semi-Supervised Learning,Electrochemical supercapacitors: Energy storage beyond batteries,Zhihao Wu; Xincan Lin; Zhenghong Lin; Zhaoliang Chen; Yang Bai; Shiping Wang,AK Shukla; Srinivasan Sampath; Vijayamohanan K. Pillai,Chengdu University of Information Technology; Fuzhou University,University of Amsterdam,2023,2000,0.702916145324707,0.9999981506047454,False,True,random_cross_field_low_similarity,val
CIT_ANOM_04574,1,weakly_related,https://openalex.org/W2908061452,https://openalex.org/W2769261166,Confidence-based Graph Convolutional Networks for Semi-Supervised Learning,Lead batteries for utility energy storage: A review,Shikhar Vashishth; Prateek Yadav; Manik Bhandari; Partha Pratim Talukdar,Geoffrey J. May; Alistair J. Davidson; B. Monahov,Indian Institute of Science Bangalore,International Lead Association,2019,2017,0.7111634016036987,0.9999971203383853,False,True,random_cross_field_low_similarity,train
CIT_ANOM_06080,1,weakly_related,https://openalex.org/W4411555055,https://openalex.org/W2891106477,Metric learning-enhanced semi-supervised Graph Convolutional Network for multi-view learning,INNOVATIVE SCANNING PROBE METHODS FOR ENERGY STORAGE SCIENCE: ELUCIDATING THE PHYSICS OF BATTERY MATERIALS AT THE NANO-TO-MICROSCALE,Huaichun Xiao; Fadi Dornaika; Jinan Charafeddine; Jingjun Bi,Jonathan M. Larson,Pôle Léonard de Vinci; Ikerbasque; University of the Basque Country,University of Amsterdam,2025,2017,0.6870051622390747,0.9999992129310209,False,True,random_cross_field_low_similarity,val
CIT_GEN_00030,0,normal,https://openalex.org/W4381166207,https://openalex.org/W2982490267,Deep Graph-Convolutional Generative Adversarial Network for Semi-Supervised Learning on Graphs,Hyperbolic Graph Convolutional Neural Networks,Nan Jia; Xiaolin Tian; Wenxing Gao; Licheng Jiao,Ines Chami; Rex Ying; Christopher Ré; Jure Leskovec,Xidian University,Stanford University,2023,2019,0.9236201047897339,0.7942147763185217,True,True,observed_openalex_citation,train
CIT_ANOM_03501,1,weakly_related,https://openalex.org/W4407953142,https://openalex.org/W2135763384,Hyperdimensional Representation Learning for Node Classification and Link Prediction,Do the Measurements of Financial Market Inflation Expectations Yield Relevant Macroeconomic Information,Abhishek Dalvi; Vasant Honavar,Martin Fukaè,Pennsylvania State University,University of Amsterdam,2025,2005,0.7103863954544067,0.9999972380040972,False,True,random_cross_field_low_similarity,train
CIT_ANOM_06222,1,weakly_related,https://openalex.org/W4408078107,https://openalex.org/W3084175932,Leveraging Graph Convolutional Networks for Semi-supervised Learning in Multi-view Non-graph Data,Mechanical Metastructure in Structural Engineering: A Short Review,Fadi Dornaika; J. Bi; Jinan Charafeddine,L. Cvetićanin,Pôle Léonard de Vinci; Ikerbasque; University of the Basque Country,University of Novi Sad; Obuda University,2025,2020,0.712167501449585,0.9999969608277843,False,True,random_cross_field_low_similarity,train
CIT_GEN_00002,0,normal,https://openalex.org/W3188579603,https://openalex.org/W2964051675,Graph Neural Networks and Their Current Applications in Bioinformatics,Deeper Insights Into Graph Convolutional Networks for Semi-Supervised Learning,Xiaomeng Zhang; Liang Li; Lin Liu; Mingjing Tang,Qimai Li; Zhichao Han; Xiao-Ming Wu,Yunnan Normal University,ETH Zurich; Hong Kong Polytechnic University,2021,2018,0.9323054552078247,0.7076883824963356,True,True,observed_openalex_citation,train
CIT_ANOM_03830,1,weakly_related,https://openalex.org/W2948729509,https://openalex.org/W2773957237,Semi-Supervised Learning With Graph Learning-Convolutional Networks,Lithium-Ion Battery Storage for the Grid—A Review of Stationary Battery Storage System Design Tailored for Applications in Modern Power Grids,Bo Jiang; Ziyan Zhang; Doudou Lin; Jin Tang; Bin Luo,Holger Christian Hesse; Michael Schimpe; Daniel Kucevic; Andreas Jossen,Anhui University,Technical University of Munich,2019,2017,0.6982110738754272,0.9999985634671762,False,True,random_cross_field_low_similarity,train
CIT_GEN_00022,0,normal,https://openalex.org/W3127696726,https://openalex.org/W2964051675,On an improvement of Graph Convolutional Network in semi-supervised learning,Deeper Insights Into Graph Convolutional Networks for Semi-Supervised Learning,Man Ngo; An Mai; Thanh Bui,Qimai Li; Zhichao Han; Xiao-Ming Wu,Ho Chi Minh City University of Science; Vietnam National University Ho Chi Minh City; Viện John von Neumann,ETH Zurich; Hong Kong Polytechnic University,2020,2018,0.9551984667778015,0.4145959915772088,True,True,observed_openalex_citation,val
CIT_GEN_00003,0,normal,https://openalex.org/W3188579603,https://openalex.org/W2965857891,Graph Neural Networks and Their Current Applications in Bioinformatics,Heterogeneous Graph Neural Network,Xiaomeng Zhang; Liang Li; Lin Liu; Mingjing Tang,Chuxu Zhang; Dongjin Song; Chao Huang; Ananthram Swami; Nitesh V. Chawla,Yunnan Normal University,DEVCOM Army Research Laboratory; University of Notre Dame,2021,2019,0.9332141876220703,0.6974937052433352,True,True,observed_openalex_citation,train
CIT_GEN_00024,0,normal,https://openalex.org/W3085185025,https://openalex.org/W2948729509,Contrastive and Generative Graph Convolutional Networks for Graph-based Semi-Supervised Learning,Semi-Supervised Learning With Graph Learning-Convolutional Networks,Sheng Wan; Shirui Pan; Jian Jun Yang; Chen Gong,Bo Jiang; Ziyan Zhang; Doudou Lin; Jin Tang; Bin Luo,University of Amsterdam,Anhui University,2020,2019,0.9796241521835327,0.16023618650407945,True,True,observed_openalex_citation,train
CIT_ANOM_04258,1,weakly_related,https://openalex.org/W4360770799,https://openalex.org/W2135763384,Interpretable Graph Convolutional Network for Multi-View Semi-Supervised Learning,Do the Measurements of Financial Market Inflation Expectations Yield Relevant Macroeconomic Information,Zhihao Wu; Xincan Lin; Zhenghong Lin; Zhaoliang Chen; Yang Bai; Shiping Wang,Martin Fukaè,Chengdu University of Information Technology; Fuzhou University,University of Amsterdam,2023,2005,0.7098397016525269,0.9999973178992762,False,True,random_cross_field_low_similarity,val
CIT_ANOM_00381,1,weakly_related,https://openalex.org/W3004507689,https://openalex.org/W2165287946,MAGNN: Metapath Aggregated Graph Neural Network for Heterogeneous Graph Embedding,Structural Engineering with NiTi. II: Mechanical Behavior and Scaling,Xinyu Fu; Jiani Zhang; Ziqiao Meng; Irwin King,Jason McCormick; Jeff Tyber; Reginald DesRoches; Ken Gall; Hans Jürgen Maier,Chinese University of Hong Kong,"Japan Society for the Promotion of Science; Kyoto University; Georgia Institute of Technology; Paderborn University; Disaster Prevention Research Institute, Kyoto University",2020,2007,0.7093920707702637,0.9999973815932577,False,True,random_cross_field_low_similarity,test
CIT_ANOM_04151,1,weakly_related,https://openalex.org/W3173292968,https://openalex.org/W1744241458,Contrastive and Generative Graph Convolutional Networks for Graph-based Semi-Supervised Learning,"Flexibility in inflation targeting, financial markets and macroeconomic stability",Sheng Wan; Shirui Pan; Jian Jun Yang; Chen Gong,Meixing Dai; Moïse Sidiropoulos,Hong Kong Polytechnic University; Monash University; Nanjing University of Science and Technology,Université de Strasbourg,2021,2005,0.7115379571914673,0.9999970618400184,False,True,random_cross_field_low_similarity,train
CIT_ANOM_04555,1,weakly_related,https://openalex.org/W2908061452,https://openalex.org/W2135763384,Confidence-based Graph Convolutional Networks for Semi-Supervised Learning,Do the Measurements of Financial Market Inflation Expectations Yield Relevant Macroeconomic Information,Shikhar Vashishth; Prateek Yadav; Manik Bhandari; Partha Pratim Talukdar,Martin Fukaè,Indian Institute of Science Bangalore,University of Amsterdam,2019,2005,0.7079129219055176,0.9999975815009006,False,True,random_cross_field_low_similarity,train
CIT_ANOM_02097,1,weakly_related,https://openalex.org/W4385964823,https://openalex.org/W2891106477,Evaluating Link Prediction Explanations for Graph Neural Networks,INNOVATIVE SCANNING PROBE METHODS FOR ENERGY STORAGE SCIENCE: ELUCIDATING THE PHYSICS OF BATTERY MATERIALS AT THE NANO-TO-MICROSCALE,Claudio Borile; Alan Perotti; André Panisson,Jonathan M. Larson,University of Amsterdam,University of Amsterdam,2023,2017,0.7126781344413757,0.9999968763499177,False,True,random_cross_field_low_similarity,val
CIT_ANOM_05310,1,weakly_related,https://openalex.org/W4407096441,https://openalex.org/W2103942637,Semi-supervised learning for multi-view and non-graph data using Graph Convolutional Networks,A macroeconomic model for inflation control in market-based grid environment,Fadi Dornaika; Jingjun Bi; Jinan Charafeddine; Huaichun Xiao,Leyli Mohammad Khanli,Pôle Léonard de Vinci; Ikerbasque; University of the Basque Country,University of Tabriz,2025,2011,0.7046983242034912,0.999997964893803,False,True,random_cross_field_low_similarity,train
CIT_ANOM_04553,1,weakly_related,https://openalex.org/W2908061452,https://openalex.org/W2103942637,Confidence-based Graph Convolutional Networks for Semi-Supervised Learning,A macroeconomic model for inflation control in market-based grid environment,Shikhar Vashishth; Prateek Yadav; Manik Bhandari; Partha Pratim Talukdar,Leyli Mohammad Khanli,Indian Institute of Science Bangalore,University of Tabriz,2019,2011,0.7078245878219604,0.9999975929443422,False,True,random_cross_field_low_similarity,train
CIT_ANOM_02103,1,weakly_related,https://openalex.org/W4385964823,https://openalex.org/W2773957237,Evaluating Link Prediction Explanations for Graph Neural Networks,Lithium-Ion Battery Storage for the Grid—A Review of Stationary Battery Storage System Design Tailored for Applications in Modern Power Grids,Claudio Borile; Alan Perotti; André Panisson,Holger Christian Hesse; Michael Schimpe; Daniel Kucevic; Andreas Jossen,University of Amsterdam,Technical University of Munich,2023,2017,0.707404375076294,0.9999976466446993,False,True,random_cross_field_low_similarity,val
CIT_ANOM_02112,1,weakly_related,https://openalex.org/W4385964823,https://openalex.org/W2165287946,Evaluating Link Prediction Explanations for Graph Neural Networks,Structural Engineering with NiTi. II: Mechanical Behavior and Scaling,Claudio Borile; Alan Perotti; André Panisson,Jason McCormick; Jeff Tyber; Reginald DesRoches; Ken Gall; Hans Jürgen Maier,University of Amsterdam,"Japan Society for the Promotion of Science; Kyoto University; Georgia Institute of Technology; Paderborn University; Disaster Prevention Research Institute, Kyoto University",2023,2007,0.7120007872581482,0.999996987910813,False,True,random_cross_field_low_similarity,val
CIT_ANOM_04466,1,weakly_related,https://openalex.org/W2997909961,https://openalex.org/W1744241458,Collaborative Graph Convolutional Networks: Unsupervised Learning Meets Semi-Supervised Learning,"Flexibility in inflation targeting, financial markets and macroeconomic stability",Binyuan Hui; Pengfei Zhu; Qinghua Hu,Meixing Dai; Moïse Sidiropoulos,Tianjin University,Université de Strasbourg,2020,2005,0.713945746421814,0.9999966563495887,False,True,random_cross_field_low_similarity,val
CIT_GEN_00021,0,normal,https://openalex.org/W2997909961,https://openalex.org/W2964051675,Collaborative Graph Convolutional Networks: Unsupervised Learning Meets Semi-Supervised Learning,Deeper Insights Into Graph Convolutional Networks for Semi-Supervised Learning,Binyuan Hui; Pengfei Zhu; Qinghua Hu,Qimai Li; Zhichao Han; Xiao-Ming Wu,Tianjin University,ETH Zurich; Hong Kong Polytechnic University,2020,2018,0.9586177468299866,0.37084648442307716,True,True,observed_openalex_citation,val
CIT_ANOM_05208,1,weakly_related,https://openalex.org/W3085185025,https://openalex.org/W2135763384,Contrastive and Generative Graph Convolutional Networks for Graph-based Semi-Supervised Learning,Do the Measurements of Financial Market Inflation Expectations Yield Relevant Macroeconomic Information,Sheng Wan; Shirui Pan; Jian Jun Yang; Chen Gong,Martin Fukaè,University of Amsterdam,University of Amsterdam,2020,2005,0.7043048143386841,0.9999980074413842,False,True,random_cross_field_low_similarity,train
CIT_ANOM_06103,1,weakly_related,https://openalex.org/W4411555055,https://openalex.org/W3084175932,Metric learning-enhanced semi-supervised Graph Convolutional Network for multi-view learning,Mechanical Metastructure in Structural Engineering: A Short Review,Huaichun Xiao; Fadi Dornaika; Jinan Charafeddine; Jingjun Bi,L. Cvetićanin,Pôle Léonard de Vinci; Ikerbasque; University of the Basque Country,University of Novi Sad; Obuda University,2025,2020,0.7103735208511353,0.999997239912713,False,True,random_cross_field_low_similarity,val
CIT_GEN_00015,0,normal,https://openalex.org/W3007182669,https://openalex.org/W2948729509,Infinitely Wide Graph Convolutional Networks: Semi-supervised Learning via Gaussian Processes,Semi-Supervised Learning With Graph Learning-Convolutional Networks,Jilin Hu; Jianbing Shen; Bin Yang; Ling Shao,Bo Jiang; Ziyan Zhang; Doudou Lin; Jin Tang; Bin Luo,Aalborg University; Inception Institute of Artificial Intelligence,Anhui University,2020,2019,0.9489113092422485,0.4981437577248215,True,True,observed_openalex_citation,train
CIT_ANOM_05312,1,weakly_related,https://openalex.org/W4407096441,https://openalex.org/W2135763384,Semi-supervised learning for multi-view and non-graph data using Graph Convolutional Networks,Do the Measurements of Financial Market Inflation Expectations Yield Relevant Macroeconomic Information,Fadi Dornaika; Jingjun Bi; Jinan Charafeddine; Huaichun Xiao,Martin Fukaè,Pôle Léonard de Vinci; Ikerbasque; University of the Basque Country,University of Amsterdam,2025,2005,0.7085967659950256,0.9999974910501158,False,True,random_cross_field_low_similarity,train
CIT_ANOM_02024,1,weakly_related,https://openalex.org/W4385964823,https://openalex.org/W2078430375,Evaluating Link Prediction Explanations for Graph Neural Networks,Inorganic scintillators in medical imaging,Claudio Borile; Alan Perotti; André Panisson,Carel W.E. van Eijk,University of Amsterdam,Delft University of Technology,2023,2002,0.7096688747406006,0.9999973423872582,False,True,random_cross_field_low_similarity,val
