author_id,author_name,institution_id,institution_name,institution_country
https://openalex.org/A1000,Author GNN_0_A,,,
https://openalex.org/A2000,Author GNN_0_B,,,
https://openalex.org/A1001,Author GNN_1_A,,,
https://openalex.org/A2001,Author GNN_1_B,,,
https://openalex.org/A1002,Author GNN_2_A,,,
https://openalex.org/A2002,Author GNN_2_B,,,
https://openalex.org/A1003,Author GNN_3_A,,,
https://openalex.org/A2003,Author GNN_3_B,,,
https://openalex.org/A1004,Author GNN_4_A,,,
https://openalex.org/A2004,Author GNN_4_B,,,
https://openalex.org/A1005,Author GNN_5_A,,,
https://openalex.org/A2005,Author GNN_5_B,,,
https://openalex.org/A1006,Author GNN_6_A,,,
https://openalex.org/A2006,Author GNN_6_B,,,
https://openalex.org/A1007,Author GNN_7_A,,,
https://openalex.org/A2007,Author GNN_7_B,,,
https://openalex.org/A1008,Author GNN_8_A,,,
https://openalex.org/A2008,Author GNN_8_B,,,
https://openalex.org/A1009,Author GNN_9_A,,,
https://openalex.org/A2009,Author GNN_9_B,,,
https://openalex.org/A1010,Author GNN_10_A,,,
https://openalex.org/A2010,Author GNN_10_B,,,
https://openalex.org/A1011,Author GNN_11_A,,,
https://openalex.org/A2011,Author GNN_11_B,,,
https://openalex.org/A1012,Author GNN_12_A,,,
https://openalex.org/A2012,Author GNN_12_B,,,
https://openalex.org/A1013,Author GNN_13_A,,,
https://openalex.org/A2013,Author GNN_13_B,,,
https://openalex.org/A1014,Author GNN_14_A,,,
https://openalex.org/A2014,Author GNN_14_B,,,
https://openalex.org/A1015,Author GNN_15_A,,,
https://openalex.org/A2015,Author GNN_15_B,,,
https://openalex.org/A1016,Author GNN_16_A,,,
https://openalex.org/A2016,Author GNN_16_B,,,
https://openalex.org/A1017,Author GNN_17_A,,,
https://openalex.org/A2017,Author GNN_17_B,,,
https://openalex.org/A1018,Author GNN_18_A,,,
https://openalex.org/A2018,Author GNN_18_B,,,
https://openalex.org/A1019,Author GNN_19_A,,,
https://openalex.org/A2019,Author GNN_19_B,,,
https://openalex.org/A1020,Author GNN_20_A,,,
https://openalex.org/A2020,Author GNN_20_B,,,
https://openalex.org/A1021,Author GNN_21_A,,,
https://openalex.org/A2021,Author GNN_21_B,,,
https://openalex.org/A1022,Author GNN_22_A,,,
https://openalex.org/A2022,Author GNN_22_B,,,
https://openalex.org/A1023,Author GNN_23_A,,,
https://openalex.org/A2023,Author GNN_23_B,,,
https://openalex.org/A1024,Author GNN_24_A,,,
https://openalex.org/A2024,Author GNN_24_B,,,
https://openalex.org/A1025,Author GNN_25_A,,,
https://openalex.org/A2025,Author GNN_25_B,,,
https://openalex.org/A1026,Author GNN_26_A,,,
https://openalex.org/A2026,Author GNN_26_B,,,
https://openalex.org/A1027,Author GNN_27_A,,,
https://openalex.org/A2027,Author GNN_27_B,,,
https://openalex.org/A1028,Author GNN_28_A,,,
https://openalex.org/A2028,Author GNN_28_B,,,
https://openalex.org/A1029,Author GNN_29_A,,,
https://openalex.org/A2029,Author GNN_29_B,,,
https://openalex.org/A1030,Author GNN_30_A,,,
https://openalex.org/A2030,Author GNN_30_B,,,
https://openalex.org/A1031,Author GNN_31_A,,,
https://openalex.org/A2031,Author GNN_31_B,,,
https://openalex.org/A1032,Author GNN_32_A,,,
https://openalex.org/A2032,Author GNN_32_B,,,
https://openalex.org/A1033,Author GNN_33_A,,,
https://openalex.org/A2033,Author GNN_33_B,,,
https://openalex.org/A1034,Author GNN_34_A,,,
https://openalex.org/A2034,Author GNN_34_B,,,
https://openalex.org/A1035,Author GNN_35_A,,,
https://openalex.org/A2035,Author GNN_35_B,,,
https://openalex.org/A1036,Author GNN_36_A,,,
https://openalex.org/A2036,Author GNN_36_B,,,
https://openalex.org/A1037,Author GNN_37_A,,,
https://openalex.org/A2037,Author GNN_37_B,,,
https://openalex.org/A1038,Author GNN_38_A,,,
https://openalex.org/A2038,Author GNN_38_B,,,
https://openalex.org/A1039,Author GNN_39_A,,,
https://openalex.org/A2039,Author GNN_39_B,,,
