paper_id,author_id,author_position
https://openalex.org/W385300377,https://openalex.org/A1000,0
https://openalex.org/W385300377,https://openalex.org/A2000,1
https://openalex.org/W221985417,https://openalex.org/A1001,0
https://openalex.org/W221985417,https://openalex.org/A2001,1
https://openalex.org/W907238538,https://openalex.org/A1002,0
https://openalex.org/W907238538,https://openalex.org/A2002,1
https://openalex.org/W227907366,https://openalex.org/A1003,0
https://openalex.org/W227907366,https://openalex.org/A2003,1
https://openalex.org/W734636684,https://openalex.org/A1004,0
https://openalex.org/W734636684,https://openalex.org/A2004,1
https://openalex.org/W941255612,https://openalex.org/A1005,0
https://openalex.org/W941255612,https://openalex.org/A2005,1
https://openalex.org/W550635983,https://openalex.org/A1006,0
https://openalex.org/W550635983,https://openalex.org/A2006,1
https://openalex.org/W244838690,https://openalex.org/A1007,0
https://openalex.org/W244838690,https://openalex.org/A2007,1
https://openalex.org/W167730738,https://openalex.org/A1008,0
https://openalex.org/W167730738,https://openalex.org/A2008,1
https://openalex.org/W786913578,https://openalex.org/A1009,0
https://openalex.org/W786913578,https://openalex.org/A2009,1
https://openalex.org/W586641115,https://openalex.org/A1010,0
https://openalex.org/W586641115,https://openalex.org/A2010,1
https://openalex.org/W368131351,https://openalex.org/A1011,0
https://openalex.org/W368131351,https://openalex.org/A2011,1
https://openalex.org/W572550859,https://openalex.org/A1012,0
https://openalex.org/W572550859,https://openalex.org/A2012,1
https://openalex.org/W377593012,https://openalex.org/A1013,0
https://openalex.org/W377593012,https://openalex.org/A2013,1
https://openalex.org/W539142112,https://openalex.org/A1014,0
https://openalex.org/W539142112,https://openalex.org/A2014,1
https://openalex.org/W888638595,https://openalex.org/A1015,0
https://openalex.org/W888638595,https://openalex.org/A2015,1
https://openalex.org/W71490114,https://openalex.org/A1016,0
https://openalex.org/W71490114,https://openalex.org/A2016,1
https://openalex.org/W160229267,https://openalex.org/A1017,0
https://openalex.org/W160229267,https://openalex.org/A2017,1
https://openalex.org/W804407853,https://openalex.org/A1018,0
https://openalex.org/W804407853,https://openalex.org/A2018,1
https://openalex.org/W228202126,https://openalex.org/A1019,0
https://openalex.org/W228202126,https://openalex.org/A2019,1
https://openalex.org/W858052057,https://openalex.org/A1020,0
https://openalex.org/W858052057,https://openalex.org/A2020,1
https://openalex.org/W620212507,https://openalex.org/A1021,0
https://openalex.org/W620212507,https://openalex.org/A2021,1
https://openalex.org/W95472119,https://openalex.org/A1022,0
https://openalex.org/W95472119,https://openalex.org/A2022,1
https://openalex.org/W168090644,https://openalex.org/A1023,0
https://openalex.org/W168090644,https://openalex.org/A2023,1
https://openalex.org/W887697504,https://openalex.org/A1024,0
https://openalex.org/W887697504,https://openalex.org/A2024,1
https://openalex.org/W51890768,https://openalex.org/A1025,0
https://openalex.org/W51890768,https://openalex.org/A2025,1
https://openalex.org/W786156825,https://openalex.org/A1026,0
https://openalex.org/W786156825,https://openalex.org/A2026,1
https://openalex.org/W627363710,https://openalex.org/A1027,0
https://openalex.org/W627363710,https://openalex.org/A2027,1
https://openalex.org/W14586928,https://openalex.org/A1028,0
https://openalex.org/W14586928,https://openalex.org/A2028,1
https://openalex.org/W356389653,https://openalex.org/A1029,0
https://openalex.org/W356389653,https://openalex.org/A2029,1
https://openalex.org/W880967556,https://openalex.org/A1030,0
https://openalex.org/W880967556,https://openalex.org/A2030,1
https://openalex.org/W531972770,https://openalex.org/A1031,0
https://openalex.org/W531972770,https://openalex.org/A2031,1
https://openalex.org/W494251762,https://openalex.org/A1032,0
https://openalex.org/W494251762,https://openalex.org/A2032,1
https://openalex.org/W336686160,https://openalex.org/A1033,0
https://openalex.org/W336686160,https://openalex.org/A2033,1
https://openalex.org/W667729961,https://openalex.org/A1034,0
https://openalex.org/W667729961,https://openalex.org/A2034,1
https://openalex.org/W404965471,https://openalex.org/A1035,0
https://openalex.org/W404965471,https://openalex.org/A2035,1
https://openalex.org/W718463580,https://openalex.org/A1036,0
https://openalex.org/W718463580,https://openalex.org/A2036,1
https://openalex.org/W57200391,https://openalex.org/A1037,0
https://openalex.org/W57200391,https://openalex.org/A2037,1
https://openalex.org/W627321568,https://openalex.org/A1038,0
https://openalex.org/W627321568,https://openalex.org/A2038,1
https://openalex.org/W655344885,https://openalex.org/A1039,0
https://openalex.org/W655344885,https://openalex.org/A2039,1
https://openalex.org/W694488422,https://openalex.org/A1000,0
https://openalex.org/W694488422,https://openalex.org/A2000,1
https://openalex.org/W599213086,https://openalex.org/A1001,0
https://openalex.org/W599213086,https://openalex.org/A2001,1
https://openalex.org/W115209135,https://openalex.org/A1002,0
https://openalex.org/W115209135,https://openalex.org/A2002,1
https://openalex.org/W24887066,https://openalex.org/A1003,0
https://openalex.org/W24887066,https://openalex.org/A2003,1
https://openalex.org/W311410462,https://openalex.org/A1004,0
https://openalex.org/W311410462,https://openalex.org/A2004,1
https://openalex.org/W122586118,https://openalex.org/A1005,0
https://openalex.org/W122586118,https://openalex.org/A2005,1
https://openalex.org/W82450230,https://openalex.org/A1006,0
https://openalex.org/W82450230,https://openalex.org/A2006,1
https://openalex.org/W837238296,https://openalex.org/A1007,0
https://openalex.org/W837238296,https://openalex.org/A2007,1
https://openalex.org/W420993993,https://openalex.org/A1008,0
https://openalex.org/W420993993,https://openalex.org/A2008,1
https://openalex.org/W323776135,https://openalex.org/A1009,0
https://openalex.org/W323776135,https://openalex.org/A2009,1
https://openalex.org/W575999170,https://openalex.org/A1010,0
https://openalex.org/W575999170,https://openalex.org/A2010,1
https://openalex.org/W783991403,https://openalex.org/A1011,0
https://openalex.org/W783991403,https://openalex.org/A2011,1
https://openalex.org/W18927840,https://openalex.org/A1012,0
https://openalex.org/W18927840,https://openalex.org/A2012,1
https://openalex.org/W33393327,https://openalex.org/A1013,0
https://openalex.org/W33393327,https://openalex.org/A2013,1
https://openalex.org/W349423984,https://openalex.org/A1014,0
https://openalex.org/W349423984,https://openalex.org/A2014,1
https://openalex.org/W968231206,https://openalex.org/A1015,0
https://openalex.org/W968231206,https://openalex.org/A2015,1
https://openalex.org/W37027353,https://openalex.org/A1016,0
https://openalex.org/W37027353,https://openalex.org/A2016,1
https://openalex.org/W52624095,https://openalex.org/A1017,0
https://openalex.org/W52624095,https://openalex.org/A2017,1
https://openalex.org/W518448471,https://openalex.org/A1018,0
https://openalex.org/W518448471,https://openalex.org/A2018,1
https://openalex.org/W578142926,https://openalex.org/A1019,0
https://openalex.org/W578142926,https://openalex.org/A2019,1
https://openalex.org/W780312091,https://openalex.org/A1020,0
https://openalex.org/W780312091,https://openalex.org/A2020,1
https://openalex.org/W876143794,https://openalex.org/A1021,0
https://openalex.org/W876143794,https://openalex.org/A2021,1
https://openalex.org/W792372125,https://openalex.org/A1022,0
https://openalex.org/W792372125,https://openalex.org/A2022,1
https://openalex.org/W627026339,https://openalex.org/A1023,0
https://openalex.org/W627026339,https://openalex.org/A2023,1
https://openalex.org/W872116338,https://openalex.org/A1024,0
https://openalex.org/W872116338,https://openalex.org/A2024,1
https://openalex.org/W581672076,https://openalex.org/A1025,0
https://openalex.org/W581672076,https://openalex.org/A2025,1
https://openalex.org/W245527882,https://openalex.org/A1026,0
https://openalex.org/W245527882,https://openalex.org/A2026,1
https://openalex.org/W793255966,https://openalex.org/A1027,0
https://openalex.org/W793255966,https://openalex.org/A2027,1
https://openalex.org/W66827509,https://openalex.org/A1028,0
https://openalex.org/W66827509,https://openalex.org/A2028,1
https://openalex.org/W618683817,https://openalex.org/A1029,0
https://openalex.org/W618683817,https://openalex.org/A2029,1
https://openalex.org/W310216135,https://openalex.org/A1030,0
https://openalex.org/W310216135,https://openalex.org/A2030,1
https://openalex.org/W627705061,https://openalex.org/A1031,0
https://openalex.org/W627705061,https://openalex.org/A2031,1
https://openalex.org/W669501871,https://openalex.org/A1032,0
https://openalex.org/W669501871,https://openalex.org/A2032,1
https://openalex.org/W885311993,https://openalex.org/A1033,0
https://openalex.org/W885311993,https://openalex.org/A2033,1
https://openalex.org/W190068963,https://openalex.org/A1034,0
https://openalex.org/W190068963,https://openalex.org/A2034,1
https://openalex.org/W299956072,https://openalex.org/A1035,0
https://openalex.org/W299956072,https://openalex.org/A2035,1
https://openalex.org/W398987933,https://openalex.org/A1036,0
https://openalex.org/W398987933,https://openalex.org/A2036,1
https://openalex.org/W435344064,https://openalex.org/A1037,0
https://openalex.org/W435344064,https://openalex.org/A2037,1
https://openalex.org/W661788408,https://openalex.org/A1038,0
https://openalex.org/W661788408,https://openalex.org/A2038,1
https://openalex.org/W864720829,https://openalex.org/A1039,0
https://openalex.org/W864720829,https://openalex.org/A2039,1
https://openalex.org/W609175838,https://openalex.org/A1000,0
https://openalex.org/W609175838,https://openalex.org/A2000,1
https://openalex.org/W107781185,https://openalex.org/A1001,0
https://openalex.org/W107781185,https://openalex.org/A2001,1
https://openalex.org/W453301849,https://openalex.org/A1002,0
https://openalex.org/W453301849,https://openalex.org/A2002,1
https://openalex.org/W26774200,https://openalex.org/A1003,0
https://openalex.org/W26774200,https://openalex.org/A2003,1
https://openalex.org/W469715192,https://openalex.org/A1004,0
https://openalex.org/W469715192,https://openalex.org/A2004,1
https://openalex.org/W941228867,https://openalex.org/A1005,0
https://openalex.org/W941228867,https://openalex.org/A2005,1
https://openalex.org/W26523949,https://openalex.org/A1006,0
https://openalex.org/W26523949,https://openalex.org/A2006,1
https://openalex.org/W203637417,https://openalex.org/A1007,0
https://openalex.org/W203637417,https://openalex.org/A2007,1
https://openalex.org/W503731170,https://openalex.org/A1008,0
https://openalex.org/W503731170,https://openalex.org/A2008,1
https://openalex.org/W130487776,https://openalex.org/A1009,0
https://openalex.org/W130487776,https://openalex.org/A2009,1
https://openalex.org/W953602144,https://openalex.org/A1010,0
https://openalex.org/W953602144,https://openalex.org/A2010,1
https://openalex.org/W822736414,https://openalex.org/A1011,0
https://openalex.org/W822736414,https://openalex.org/A2011,1
https://openalex.org/W905233597,https://openalex.org/A1012,0
https://openalex.org/W905233597,https://openalex.org/A2012,1
https://openalex.org/W820781918,https://openalex.org/A1013,0
https://openalex.org/W820781918,https://openalex.org/A2013,1
https://openalex.org/W875179298,https://openalex.org/A1014,0
https://openalex.org/W875179298,https://openalex.org/A2014,1
https://openalex.org/W365398044,https://openalex.org/A1015,0
https://openalex.org/W365398044,https://openalex.org/A2015,1
https://openalex.org/W895713147,https://openalex.org/A1016,0
https://openalex.org/W895713147,https://openalex.org/A2016,1
https://openalex.org/W752959521,https://openalex.org/A1017,0
https://openalex.org/W752959521,https://openalex.org/A2017,1
https://openalex.org/W195024916,https://openalex.org/A1018,0
https://openalex.org/W195024916,https://openalex.org/A2018,1
https://openalex.org/W810193665,https://openalex.org/A1019,0
https://openalex.org/W810193665,https://openalex.org/A2019,1
https://openalex.org/W790216709,https://openalex.org/A1020,0
https://openalex.org/W790216709,https://openalex.org/A2020,1
https://openalex.org/W567956309,https://openalex.org/A1021,0
https://openalex.org/W567956309,https://openalex.org/A2021,1
https://openalex.org/W315447119,https://openalex.org/A1022,0
https://openalex.org/W315447119,https://openalex.org/A2022,1
https://openalex.org/W901296337,https://openalex.org/A1023,0
https://openalex.org/W901296337,https://openalex.org/A2023,1
https://openalex.org/W156866454,https://openalex.org/A1024,0
https://openalex.org/W156866454,https://openalex.org/A2024,1
https://openalex.org/W141465178,https://openalex.org/A1025,0
https://openalex.org/W141465178,https://openalex.org/A2025,1
https://openalex.org/W389520923,https://openalex.org/A1026,0
https://openalex.org/W389520923,https://openalex.org/A2026,1
https://openalex.org/W792929024,https://openalex.org/A1027,0
https://openalex.org/W792929024,https://openalex.org/A2027,1
https://openalex.org/W930379600,https://openalex.org/A1028,0
https://openalex.org/W930379600,https://openalex.org/A2028,1
https://openalex.org/W133963658,https://openalex.org/A1029,0
https://openalex.org/W133963658,https://openalex.org/A2029,1
https://openalex.org/W932893184,https://openalex.org/A1030,0
https://openalex.org/W932893184,https://openalex.org/A2030,1
https://openalex.org/W376896,https://openalex.org/A1031,0
https://openalex.org/W376896,https://openalex.org/A2031,1
https://openalex.org/W30669544,https://openalex.org/A1032,0
https://openalex.org/W30669544,https://openalex.org/A2032,1
https://openalex.org/W556500125,https://openalex.org/A1033,0
https://openalex.org/W556500125,https://openalex.org/A2033,1
https://openalex.org/W88192780,https://openalex.org/A1034,0
https://openalex.org/W88192780,https://openalex.org/A2034,1
https://openalex.org/W596664006,https://openalex.org/A1035,0
https://openalex.org/W596664006,https://openalex.org/A2035,1
https://openalex.org/W976896139,https://openalex.org/A1036,0
https://openalex.org/W976896139,https://openalex.org/A2036,1
https://openalex.org/W793867970,https://openalex.org/A1037,0
https://openalex.org/W793867970,https://openalex.org/A2037,1
https://openalex.org/W999589678,https://openalex.org/A1038,0
https://openalex.org/W999589678,https://openalex.org/A2038,1
https://openalex.org/W616181628,https://openalex.org/A1039,0
https://openalex.org/W616181628,https://openalex.org/A2039,1
https://openalex.org/W366439433,https://openalex.org/A1000,0
https://openalex.org/W366439433,https://openalex.org/A2000,1
https://openalex.org/W343779028,https://openalex.org/A1001,0
https://openalex.org/W343779028,https://openalex.org/A2001,1
https://openalex.org/W203233888,https://openalex.org/A1002,0
https://openalex.org/W203233888,https://openalex.org/A2002,1
https://openalex.org/W476504446,https://openalex.org/A1003,0
https://openalex.org/W476504446,https://openalex.org/A2003,1
https://openalex.org/W139613444,https://openalex.org/A1004,0
https://openalex.org/W139613444,https://openalex.org/A2004,1
https://openalex.org/W563933009,https://openalex.org/A1005,0
https://openalex.org/W563933009,https://openalex.org/A2005,1
https://openalex.org/W416996126,https://openalex.org/A1006,0
https://openalex.org/W416996126,https://openalex.org/A2006,1
https://openalex.org/W38888723,https://openalex.org/A1007,0
https://openalex.org/W38888723,https://openalex.org/A2007,1
https://openalex.org/W921337638,https://openalex.org/A1008,0
https://openalex.org/W921337638,https://openalex.org/A2008,1
https://openalex.org/W426374583,https://openalex.org/A1009,0
https://openalex.org/W426374583,https://openalex.org/A2009,1
https://openalex.org/W372738676,https://openalex.org/A1010,0
https://openalex.org/W372738676,https://openalex.org/A2010,1
https://openalex.org/W658731267,https://openalex.org/A1011,0
https://openalex.org/W658731267,https://openalex.org/A2011,1
https://openalex.org/W56071940,https://openalex.org/A1012,0
https://openalex.org/W56071940,https://openalex.org/A2012,1
https://openalex.org/W382531755,https://openalex.org/A1013,0
https://openalex.org/W382531755,https://openalex.org/A2013,1
https://openalex.org/W915293333,https://openalex.org/A1014,0
https://openalex.org/W915293333,https://openalex.org/A2014,1
https://openalex.org/W756684663,https://openalex.org/A1015,0
https://openalex.org/W756684663,https://openalex.org/A2015,1
https://openalex.org/W37427504,https://openalex.org/A1016,0
https://openalex.org/W37427504,https://openalex.org/A2016,1
https://openalex.org/W39687721,https://openalex.org/A1017,0
https://openalex.org/W39687721,https://openalex.org/A2017,1
https://openalex.org/W936804860,https://openalex.org/A1018,0
https://openalex.org/W936804860,https://openalex.org/A2018,1
https://openalex.org/W304566144,https://openalex.org/A1019,0
https://openalex.org/W304566144,https://openalex.org/A2019,1
https://openalex.org/W167380587,https://openalex.org/A1020,0
https://openalex.org/W167380587,https://openalex.org/A2020,1
https://openalex.org/W551558467,https://openalex.org/A1021,0
https://openalex.org/W551558467,https://openalex.org/A2021,1
https://openalex.org/W71870735,https://openalex.org/A1022,0
https://openalex.org/W71870735,https://openalex.org/A2022,1
https://openalex.org/W489230341,https://openalex.org/A1023,0
https://openalex.org/W489230341,https://openalex.org/A2023,1
https://openalex.org/W203868946,https://openalex.org/A1024,0
https://openalex.org/W203868946,https://openalex.org/A2024,1
https://openalex.org/W418663289,https://openalex.org/A1025,0
https://openalex.org/W418663289,https://openalex.org/A2025,1
https://openalex.org/W749116228,https://openalex.org/A1026,0
https://openalex.org/W749116228,https://openalex.org/A2026,1
https://openalex.org/W432463288,https://openalex.org/A1027,0
https://openalex.org/W432463288,https://openalex.org/A2027,1
https://openalex.org/W700391312,https://openalex.org/A1028,0
https://openalex.org/W700391312,https://openalex.org/A2028,1
https://openalex.org/W361538893,https://openalex.org/A1029,0
https://openalex.org/W361538893,https://openalex.org/A2029,1
https://openalex.org/W502409655,https://openalex.org/A1030,0
https://openalex.org/W502409655,https://openalex.org/A2030,1
https://openalex.org/W389334029,https://openalex.org/A1031,0
https://openalex.org/W389334029,https://openalex.org/A2031,1
https://openalex.org/W514703018,https://openalex.org/A1032,0
https://openalex.org/W514703018,https://openalex.org/A2032,1
https://openalex.org/W911942208,https://openalex.org/A1033,0
https://openalex.org/W911942208,https://openalex.org/A2033,1
https://openalex.org/W452772569,https://openalex.org/A1034,0
https://openalex.org/W452772569,https://openalex.org/A2034,1
https://openalex.org/W302352064,https://openalex.org/A1035,0
https://openalex.org/W302352064,https://openalex.org/A2035,1
https://openalex.org/W839329191,https://openalex.org/A1036,0
https://openalex.org/W839329191,https://openalex.org/A2036,1
https://openalex.org/W127380293,https://openalex.org/A1037,0
https://openalex.org/W127380293,https://openalex.org/A2037,1
https://openalex.org/W974766789,https://openalex.org/A1038,0
https://openalex.org/W974766789,https://openalex.org/A2038,1
https://openalex.org/W223645781,https://openalex.org/A1039,0
https://openalex.org/W223645781,https://openalex.org/A2039,1
https://openalex.org/W763964552,https://openalex.org/A1000,0
https://openalex.org/W763964552,https://openalex.org/A2000,1
https://openalex.org/W866699271,https://openalex.org/A1001,0
https://openalex.org/W866699271,https://openalex.org/A2001,1
https://openalex.org/W13184181,https://openalex.org/A1002,0
https://openalex.org/W13184181,https://openalex.org/A2002,1
https://openalex.org/W512755700,https://openalex.org/A1003,0
https://openalex.org/W512755700,https://openalex.org/A2003,1
https://openalex.org/W493148912,https://openalex.org/A1004,0
https://openalex.org/W493148912,https://openalex.org/A2004,1
https://openalex.org/W431070976,https://openalex.org/A1005,0
https://openalex.org/W431070976,https://openalex.org/A2005,1
https://openalex.org/W907485448,https://openalex.org/A1006,0
https://openalex.org/W907485448,https://openalex.org/A2006,1
https://openalex.org/W109656580,https://openalex.org/A1007,0
https://openalex.org/W109656580,https://openalex.org/A2007,1
https://openalex.org/W970502498,https://openalex.org/A1008,0
https://openalex.org/W970502498,https://openalex.org/A2008,1
https://openalex.org/W656615220,https://openalex.org/A1009,0
https://openalex.org/W656615220,https://openalex.org/A2009,1
https://openalex.org/W231178599,https://openalex.org/A1010,0
https://openalex.org/W231178599,https://openalex.org/A2010,1
https://openalex.org/W679305373,https://openalex.org/A1011,0
https://openalex.org/W679305373,https://openalex.org/A2011,1
https://openalex.org/W556574294,https://openalex.org/A1012,0
https://openalex.org/W556574294,https://openalex.org/A2012,1
https://openalex.org/W505989453,https://openalex.org/A1013,0
https://openalex.org/W505989453,https://openalex.org/A2013,1
https://openalex.org/W213956458,https://openalex.org/A1014,0
https://openalex.org/W213956458,https://openalex.org/A2014,1
https://openalex.org/W730109079,https://openalex.org/A1015,0
https://openalex.org/W730109079,https://openalex.org/A2015,1
https://openalex.org/W871553757,https://openalex.org/A1016,0
https://openalex.org/W871553757,https://openalex.org/A2016,1
https://openalex.org/W457370030,https://openalex.org/A1017,0
https://openalex.org/W457370030,https://openalex.org/A2017,1
https://openalex.org/W357526211,https://openalex.org/A1018,0
https://openalex.org/W357526211,https://openalex.org/A2018,1
https://openalex.org/W606980478,https://openalex.org/A1019,0
https://openalex.org/W606980478,https://openalex.org/A2019,1
https://openalex.org/W728525222,https://openalex.org/A1020,0
https://openalex.org/W728525222,https://openalex.org/A2020,1
https://openalex.org/W345308760,https://openalex.org/A1021,0
https://openalex.org/W345308760,https://openalex.org/A2021,1
https://openalex.org/W224014189,https://openalex.org/A1022,0
https://openalex.org/W224014189,https://openalex.org/A2022,1
https://openalex.org/W938169045,https://openalex.org/A1023,0
https://openalex.org/W938169045,https://openalex.org/A2023,1
https://openalex.org/W579247396,https://openalex.org/A1024,0
https://openalex.org/W579247396,https://openalex.org/A2024,1
https://openalex.org/W985101793,https://openalex.org/A1025,0
https://openalex.org/W985101793,https://openalex.org/A2025,1
https://openalex.org/W543841994,https://openalex.org/A1026,0
https://openalex.org/W543841994,https://openalex.org/A2026,1
https://openalex.org/W640024723,https://openalex.org/A1027,0
https://openalex.org/W640024723,https://openalex.org/A2027,1
https://openalex.org/W220429719,https://openalex.org/A1028,0
https://openalex.org/W220429719,https://openalex.org/A2028,1
https://openalex.org/W28083366,https://openalex.org/A1029,0
https://openalex.org/W28083366,https://openalex.org/A2029,1
https://openalex.org/W446598956,https://openalex.org/A1030,0
https://openalex.org/W446598956,https://openalex.org/A2030,1
https://openalex.org/W445488776,https://openalex.org/A1031,0
https://openalex.org/W445488776,https://openalex.org/A2031,1
https://openalex.org/W627481324,https://openalex.org/A1032,0
https://openalex.org/W627481324,https://openalex.org/A2032,1
https://openalex.org/W292375198,https://openalex.org/A1033,0
https://openalex.org/W292375198,https://openalex.org/A2033,1
https://openalex.org/W212463798,https://openalex.org/A1034,0
https://openalex.org/W212463798,https://openalex.org/A2034,1
https://openalex.org/W281601821,https://openalex.org/A1035,0
https://openalex.org/W281601821,https://openalex.org/A2035,1
https://openalex.org/W948640146,https://openalex.org/A1036,0
https://openalex.org/W948640146,https://openalex.org/A2036,1
https://openalex.org/W306217816,https://openalex.org/A1037,0
https://openalex.org/W306217816,https://openalex.org/A2037,1
https://openalex.org/W176373017,https://openalex.org/A1038,0
https://openalex.org/W176373017,https://openalex.org/A2038,1
https://openalex.org/W238919461,https://openalex.org/A1039,0
https://openalex.org/W238919461,https://openalex.org/A2039,1
https://openalex.org/W371522439,https://openalex.org/A1000,0
https://openalex.org/W371522439,https://openalex.org/A2000,1
https://openalex.org/W140175138,https://openalex.org/A1001,0
https://openalex.org/W140175138,https://openalex.org/A2001,1
https://openalex.org/W869570009,https://openalex.org/A1002,0
https://openalex.org/W869570009,https://openalex.org/A2002,1
https://openalex.org/W608386861,https://openalex.org/A1003,0
https://openalex.org/W608386861,https://openalex.org/A2003,1
https://openalex.org/W10794300,https://openalex.org/A1004,0
https://openalex.org/W10794300,https://openalex.org/A2004,1
https://openalex.org/W746681060,https://openalex.org/A1005,0
https://openalex.org/W746681060,https://openalex.org/A2005,1
https://openalex.org/W764297042,https://openalex.org/A1006,0
https://openalex.org/W764297042,https://openalex.org/A2006,1
https://openalex.org/W65585684,https://openalex.org/A1007,0
https://openalex.org/W65585684,https://openalex.org/A2007,1
https://openalex.org/W678696114,https://openalex.org/A1008,0
https://openalex.org/W678696114,https://openalex.org/A2008,1
https://openalex.org/W695854644,https://openalex.org/A1009,0
https://openalex.org/W695854644,https://openalex.org/A2009,1
https://openalex.org/W71187723,https://openalex.org/A1010,0
https://openalex.org/W71187723,https://openalex.org/A2010,1
https://openalex.org/W879291031,https://openalex.org/A1011,0
https://openalex.org/W879291031,https://openalex.org/A2011,1
https://openalex.org/W91671330,https://openalex.org/A1012,0
https://openalex.org/W91671330,https://openalex.org/A2012,1
https://openalex.org/W342693822,https://openalex.org/A1013,0
https://openalex.org/W342693822,https://openalex.org/A2013,1
https://openalex.org/W173246210,https://openalex.org/A1014,0
https://openalex.org/W173246210,https://openalex.org/A2014,1
https://openalex.org/W776819434,https://openalex.org/A1015,0
https://openalex.org/W776819434,https://openalex.org/A2015,1
https://openalex.org/W775568383,https://openalex.org/A1016,0
https://openalex.org/W775568383,https://openalex.org/A2016,1
https://openalex.org/W999075903,https://openalex.org/A1017,0
https://openalex.org/W999075903,https://openalex.org/A2017,1
https://openalex.org/W216391355,https://openalex.org/A1018,0
https://openalex.org/W216391355,https://openalex.org/A2018,1
https://openalex.org/W737614885,https://openalex.org/A1019,0
https://openalex.org/W737614885,https://openalex.org/A2019,1
https://openalex.org/W609978234,https://openalex.org/A1020,0
https://openalex.org/W609978234,https://openalex.org/A2020,1
https://openalex.org/W122623614,https://openalex.org/A1021,0
https://openalex.org/W122623614,https://openalex.org/A2021,1
https://openalex.org/W602974939,https://openalex.org/A1022,0
https://openalex.org/W602974939,https://openalex.org/A2022,1
https://openalex.org/W862789428,https://openalex.org/A1023,0
https://openalex.org/W862789428,https://openalex.org/A2023,1
https://openalex.org/W522861380,https://openalex.org/A1024,0
https://openalex.org/W522861380,https://openalex.org/A2024,1
https://openalex.org/W583714581,https://openalex.org/A1025,0
https://openalex.org/W583714581,https://openalex.org/A2025,1
https://openalex.org/W637443413,https://openalex.org/A1026,0
https://openalex.org/W637443413,https://openalex.org/A2026,1
https://openalex.org/W543991663,https://openalex.org/A1027,0
https://openalex.org/W543991663,https://openalex.org/A2027,1
https://openalex.org/W428761936,https://openalex.org/A1028,0
https://openalex.org/W428761936,https://openalex.org/A2028,1
https://openalex.org/W395282498,https://openalex.org/A1029,0
https://openalex.org/W395282498,https://openalex.org/A2029,1
https://openalex.org/W411138156,https://openalex.org/A1030,0
https://openalex.org/W411138156,https://openalex.org/A2030,1
https://openalex.org/W91448825,https://openalex.org/A1031,0
https://openalex.org/W91448825,https://openalex.org/A2031,1
https://openalex.org/W231136671,https://openalex.org/A1032,0
https://openalex.org/W231136671,https://openalex.org/A2032,1
https://openalex.org/W582875447,https://openalex.org/A1033,0
https://openalex.org/W582875447,https://openalex.org/A2033,1
https://openalex.org/W713898562,https://openalex.org/A1034,0
https://openalex.org/W713898562,https://openalex.org/A2034,1
https://openalex.org/W970069538,https://openalex.org/A1035,0
https://openalex.org/W970069538,https://openalex.org/A2035,1
https://openalex.org/W780101781,https://openalex.org/A1036,0
https://openalex.org/W780101781,https://openalex.org/A2036,1
https://openalex.org/W640358209,https://openalex.org/A1037,0
https://openalex.org/W640358209,https://openalex.org/A2037,1
https://openalex.org/W69227875,https://openalex.org/A1038,0
https://openalex.org/W69227875,https://openalex.org/A2038,1
https://openalex.org/W901396378,https://openalex.org/A1039,0
https://openalex.org/W901396378,https://openalex.org/A2039,1
