paper_id,title,abstract,publication_year,cited_by_count,is_retracted,venue_id,venue_name,topics,corpus_tag
https://openalex.org/W385300377,GNN Research Paper 1: Advanced study on Graph Neural Networks node,GNN Research Paper 1: Advanced study on Graph Neural Networks node This paper presents novel empirical insights and graph neural network methodologies.,2018,10,False,https://openalex.org/S100,Journal of GNN Computing,GNN,gnn
https://openalex.org/W221985417,GNN Research Paper 2: Advanced study on Graph Neural Networks node,GNN Research Paper 2: Advanced study on Graph Neural Networks node This paper presents novel empirical insights and graph neural network methodologies.,2019,17,False,https://openalex.org/S100,Journal of GNN Computing,GNN,gnn
https://openalex.org/W907238538,GNN Research Paper 3: Advanced study on Graph Neural Networks node,GNN Research Paper 3: Advanced study on Graph Neural Networks node This paper presents novel empirical insights and graph neural network methodologies.,2020,24,False,https://openalex.org/S100,Journal of GNN Computing,GNN,gnn
https://openalex.org/W227907366,GNN Research Paper 4: Advanced study on Graph Neural Networks node,GNN Research Paper 4: Advanced study on Graph Neural Networks node This paper presents novel empirical insights and graph neural network methodologies.,2021,31,False,https://openalex.org/S100,Journal of GNN Computing,GNN,gnn
https://openalex.org/W734636684,GNN Research Paper 5: Advanced study on Graph Neural Networks node,GNN Research Paper 5: Advanced study on Graph Neural Networks node This paper presents novel empirical insights and graph neural network methodologies.,2022,38,False,https://openalex.org/S100,Journal of GNN Computing,GNN,gnn
https://openalex.org/W941255612,GNN Research Paper 6: Advanced study on Graph Neural Networks node,GNN Research Paper 6: Advanced study on Graph Neural Networks node This paper presents novel empirical insights and graph neural network methodologies.,2023,45,False,https://openalex.org/S100,Journal of GNN Computing,GNN,gnn
https://openalex.org/W550635983,GNN Research Paper 7: Advanced study on Graph Neural Networks node,GNN Research Paper 7: Advanced study on Graph Neural Networks node This paper presents novel empirical insights and graph neural network methodologies.,2018,52,False,https://openalex.org/S100,Journal of GNN Computing,GNN,gnn
https://openalex.org/W244838690,GNN Research Paper 8: Advanced study on Graph Neural Networks node,GNN Research Paper 8: Advanced study on Graph Neural Networks node This paper presents novel empirical insights and graph neural network methodologies.,2019,59,False,https://openalex.org/S100,Journal of GNN Computing,GNN,gnn
https://openalex.org/W167730738,GNN Research Paper 9: Advanced study on Graph Neural Networks node,GNN Research Paper 9: Advanced study on Graph Neural Networks node This paper presents novel empirical insights and graph neural network methodologies.,2020,66,False,https://openalex.org/S100,Journal of GNN Computing,GNN,gnn
https://openalex.org/W786913578,GNN Research Paper 10: Advanced study on Graph Neural Networks node,GNN Research Paper 10: Advanced study on Graph Neural Networks node This paper presents novel empirical insights and graph neural network methodologies.,2021,73,False,https://openalex.org/S100,Journal of GNN Computing,GNN,gnn
https://openalex.org/W586641115,GNN Research Paper 11: Advanced study on Graph Neural Networks node,GNN Research Paper 11: Advanced study on Graph Neural Networks node This paper presents novel empirical insights and graph neural network methodologies.,2022,80,False,https://openalex.org/S100,Journal of GNN Computing,GNN,gnn
https://openalex.org/W368131351,GNN Research Paper 12: Advanced study on Graph Neural Networks node,GNN Research Paper 12: Advanced study on Graph Neural Networks node This paper presents novel empirical insights and graph neural network methodologies.,2023,87,False,https://openalex.org/S100,Journal of GNN Computing,GNN,gnn
https://openalex.org/W572550859,GNN Research Paper 13: Advanced study on Graph Neural Networks node,GNN Research Paper 13: Advanced study on Graph Neural Networks node This paper presents novel empirical insights and graph neural network methodologies.,2018,94,False,https://openalex.org/S100,Journal of GNN Computing,GNN,gnn
https://openalex.org/W377593012,GNN Research Paper 14: Advanced study on Graph Neural Networks node,GNN Research Paper 14: Advanced study on Graph Neural Networks node This paper presents novel empirical insights and graph neural network methodologies.,2019,101,False,https://openalex.org/S100,Journal of GNN Computing,GNN,gnn
https://openalex.org/W539142112,GNN Research Paper 15: Advanced study on Graph Neural Networks node,GNN Research Paper 15: Advanced study on Graph Neural Networks node This paper presents novel empirical insights and graph neural network methodologies.,2020,108,False,https://openalex.org/S100,Journal of GNN Computing,GNN,gnn
https://openalex.org/W888638595,GNN Research Paper 16: Advanced study on Graph Neural Networks node,GNN Research Paper 16: Advanced study on Graph Neural Networks node This paper presents novel empirical insights and graph neural network methodologies.,2021,115,False,https://openalex.org/S100,Journal of GNN Computing,GNN,gnn
https://openalex.org/W71490114,GNN Research Paper 17: Advanced study on Graph Neural Networks node,GNN Research Paper 17: Advanced study on Graph Neural Networks node This paper presents novel empirical insights and graph neural network methodologies.,2022,122,False,https://openalex.org/S100,Journal of GNN Computing,GNN,gnn
https://openalex.org/W160229267,GNN Research Paper 18: Advanced study on Graph Neural Networks node,GNN Research Paper 18: Advanced study on Graph Neural Networks node This paper presents novel empirical insights and graph neural network methodologies.,2023,129,False,https://openalex.org/S100,Journal of GNN Computing,GNN,gnn
https://openalex.org/W804407853,GNN Research Paper 19: Advanced study on Graph Neural Networks node,GNN Research Paper 19: Advanced study on Graph Neural Networks node This paper presents novel empirical insights and graph neural network methodologies.,2018,136,False,https://openalex.org/S100,Journal of GNN Computing,GNN,gnn
https://openalex.org/W228202126,GNN Research Paper 20: Advanced study on Graph Neural Networks node,GNN Research Paper 20: Advanced study on Graph Neural Networks node This paper presents novel empirical insights and graph neural network methodologies.,2019,143,False,https://openalex.org/S100,Journal of GNN Computing,GNN,gnn
https://openalex.org/W858052057,GNN Research Paper 21: Advanced study on Graph Neural Networks node,GNN Research Paper 21: Advanced study on Graph Neural Networks node This paper presents novel empirical insights and graph neural network methodologies.,2020,150,False,https://openalex.org/S100,Journal of GNN Computing,GNN,gnn
https://openalex.org/W620212507,GNN Research Paper 22: Advanced study on Graph Neural Networks node,GNN Research Paper 22: Advanced study on Graph Neural Networks node This paper presents novel empirical insights and graph neural network methodologies.,2021,157,False,https://openalex.org/S100,Journal of GNN Computing,GNN,gnn
https://openalex.org/W95472119,GNN Research Paper 23: Advanced study on Graph Neural Networks node,GNN Research Paper 23: Advanced study on Graph Neural Networks node This paper presents novel empirical insights and graph neural network methodologies.,2022,14,False,https://openalex.org/S100,Journal of GNN Computing,GNN,gnn
https://openalex.org/W168090644,GNN Research Paper 24: Advanced study on Graph Neural Networks node,GNN Research Paper 24: Advanced study on Graph Neural Networks node This paper presents novel empirical insights and graph neural network methodologies.,2023,21,False,https://openalex.org/S100,Journal of GNN Computing,GNN,gnn
https://openalex.org/W887697504,GNN Research Paper 25: Advanced study on Graph Neural Networks node,GNN Research Paper 25: Advanced study on Graph Neural Networks node This paper presents novel empirical insights and graph neural network methodologies.,2018,28,False,https://openalex.org/S100,Journal of GNN Computing,GNN,gnn
https://openalex.org/W51890768,GNN Research Paper 26: Advanced study on Graph Neural Networks node,GNN Research Paper 26: Advanced study on Graph Neural Networks node This paper presents novel empirical insights and graph neural network methodologies.,2019,35,False,https://openalex.org/S100,Journal of GNN Computing,GNN,gnn
https://openalex.org/W786156825,GNN Research Paper 27: Advanced study on Graph Neural Networks node,GNN Research Paper 27: Advanced study on Graph Neural Networks node This paper presents novel empirical insights and graph neural network methodologies.,2020,42,False,https://openalex.org/S100,Journal of GNN Computing,GNN,gnn
https://openalex.org/W627363710,GNN Research Paper 28: Advanced study on Graph Neural Networks node,GNN Research Paper 28: Advanced study on Graph Neural Networks node This paper presents novel empirical insights and graph neural network methodologies.,2021,49,False,https://openalex.org/S100,Journal of GNN Computing,GNN,gnn
https://openalex.org/W14586928,GNN Research Paper 29: Advanced study on Graph Neural Networks node,GNN Research Paper 29: Advanced study on Graph Neural Networks node This paper presents novel empirical insights and graph neural network methodologies.,2022,56,False,https://openalex.org/S100,Journal of GNN Computing,GNN,gnn
https://openalex.org/W356389653,GNN Research Paper 30: Advanced study on Graph Neural Networks node,GNN Research Paper 30: Advanced study on Graph Neural Networks node This paper presents novel empirical insights and graph neural network methodologies.,2023,63,False,https://openalex.org/S100,Journal of GNN Computing,GNN,gnn
https://openalex.org/W880967556,GNN Research Paper 31: Advanced study on Graph Neural Networks node,GNN Research Paper 31: Advanced study on Graph Neural Networks node This paper presents novel empirical insights and graph neural network methodologies.,2018,70,False,https://openalex.org/S100,Journal of GNN Computing,GNN,gnn
https://openalex.org/W531972770,GNN Research Paper 32: Advanced study on Graph Neural Networks node,GNN Research Paper 32: Advanced study on Graph Neural Networks node This paper presents novel empirical insights and graph neural network methodologies.,2019,77,False,https://openalex.org/S100,Journal of GNN Computing,GNN,gnn
https://openalex.org/W494251762,GNN Research Paper 33: Advanced study on Graph Neural Networks node,GNN Research Paper 33: Advanced study on Graph Neural Networks node This paper presents novel empirical insights and graph neural network methodologies.,2020,84,False,https://openalex.org/S100,Journal of GNN Computing,GNN,gnn
https://openalex.org/W336686160,GNN Research Paper 34: Advanced study on Graph Neural Networks node,GNN Research Paper 34: Advanced study on Graph Neural Networks node This paper presents novel empirical insights and graph neural network methodologies.,2021,91,False,https://openalex.org/S100,Journal of GNN Computing,GNN,gnn
https://openalex.org/W667729961,GNN Research Paper 35: Advanced study on Graph Neural Networks node,GNN Research Paper 35: Advanced study on Graph Neural Networks node This paper presents novel empirical insights and graph neural network methodologies.,2022,98,False,https://openalex.org/S100,Journal of GNN Computing,GNN,gnn
https://openalex.org/W404965471,GNN Research Paper 36: Advanced study on Graph Neural Networks node,GNN Research Paper 36: Advanced study on Graph Neural Networks node This paper presents novel empirical insights and graph neural network methodologies.,2023,105,False,https://openalex.org/S100,Journal of GNN Computing,GNN,gnn
https://openalex.org/W718463580,GNN Research Paper 37: Advanced study on Graph Neural Networks node,GNN Research Paper 37: Advanced study on Graph Neural Networks node This paper presents novel empirical insights and graph neural network methodologies.,2018,112,False,https://openalex.org/S100,Journal of GNN Computing,GNN,gnn
https://openalex.org/W57200391,GNN Research Paper 38: Advanced study on Graph Neural Networks node,GNN Research Paper 38: Advanced study on Graph Neural Networks node This paper presents novel empirical insights and graph neural network methodologies.,2019,119,False,https://openalex.org/S100,Journal of GNN Computing,GNN,gnn
https://openalex.org/W627321568,GNN Research Paper 39: Advanced study on Graph Neural Networks node,GNN Research Paper 39: Advanced study on Graph Neural Networks node This paper presents novel empirical insights and graph neural network methodologies.,2020,126,False,https://openalex.org/S100,Journal of GNN Computing,GNN,gnn
https://openalex.org/W655344885,GNN Research Paper 40: Advanced study on Graph Neural Networks node,GNN Research Paper 40: Advanced study on Graph Neural Networks node This paper presents novel empirical insights and graph neural network methodologies.,2021,133,False,https://openalex.org/S100,Journal of GNN Computing,GNN,gnn
https://openalex.org/W694488422,GNN Research Paper 1: Advanced study on Graph convolutional networks semi-supervised,GNN Research Paper 1: Advanced study on Graph convolutional networks semi-supervised This paper presents novel empirical insights and graph neural network methodologies.,2018,10,False,https://openalex.org/S100,Journal of GNN Computing,GNN,gnn
https://openalex.org/W599213086,GNN Research Paper 2: Advanced study on Graph convolutional networks semi-supervised,GNN Research Paper 2: Advanced study on Graph convolutional networks semi-supervised This paper presents novel empirical insights and graph neural network methodologies.,2019,17,False,https://openalex.org/S100,Journal of GNN Computing,GNN,gnn
https://openalex.org/W115209135,GNN Research Paper 3: Advanced study on Graph convolutional networks semi-supervised,GNN Research Paper 3: Advanced study on Graph convolutional networks semi-supervised This paper presents novel empirical insights and graph neural network methodologies.,2020,24,False,https://openalex.org/S100,Journal of GNN Computing,GNN,gnn
https://openalex.org/W24887066,GNN Research Paper 4: Advanced study on Graph convolutional networks semi-supervised,GNN Research Paper 4: Advanced study on Graph convolutional networks semi-supervised This paper presents novel empirical insights and graph neural network methodologies.,2021,31,False,https://openalex.org/S100,Journal of GNN Computing,GNN,gnn
https://openalex.org/W311410462,GNN Research Paper 5: Advanced study on Graph convolutional networks semi-supervised,GNN Research Paper 5: Advanced study on Graph convolutional networks semi-supervised This paper presents novel empirical insights and graph neural network methodologies.,2022,38,False,https://openalex.org/S100,Journal of GNN Computing,GNN,gnn
https://openalex.org/W122586118,GNN Research Paper 6: Advanced study on Graph convolutional networks semi-supervised,GNN Research Paper 6: Advanced study on Graph convolutional networks semi-supervised This paper presents novel empirical insights and graph neural network methodologies.,2023,45,False,https://openalex.org/S100,Journal of GNN Computing,GNN,gnn
https://openalex.org/W82450230,GNN Research Paper 7: Advanced study on Graph convolutional networks semi-supervised,GNN Research Paper 7: Advanced study on Graph convolutional networks semi-supervised This paper presents novel empirical insights and graph neural network methodologies.,2018,52,False,https://openalex.org/S100,Journal of GNN Computing,GNN,gnn
https://openalex.org/W837238296,GNN Research Paper 8: Advanced study on Graph convolutional networks semi-supervised,GNN Research Paper 8: Advanced study on Graph convolutional networks semi-supervised This paper presents novel empirical insights and graph neural network methodologies.,2019,59,False,https://openalex.org/S100,Journal of GNN Computing,GNN,gnn
https://openalex.org/W420993993,GNN Research Paper 9: Advanced study on Graph convolutional networks semi-supervised,GNN Research Paper 9: Advanced study on Graph convolutional networks semi-supervised This paper presents novel empirical insights and graph neural network methodologies.,2020,66,False,https://openalex.org/S100,Journal of GNN Computing,GNN,gnn
https://openalex.org/W323776135,GNN Research Paper 10: Advanced study on Graph convolutional networks semi-supervised,GNN Research Paper 10: Advanced study on Graph convolutional networks semi-supervised This paper presents novel empirical insights and graph neural network methodologies.,2021,73,False,https://openalex.org/S100,Journal of GNN Computing,GNN,gnn
https://openalex.org/W575999170,GNN Research Paper 11: Advanced study on Graph convolutional networks semi-supervised,GNN Research Paper 11: Advanced study on Graph convolutional networks semi-supervised This paper presents novel empirical insights and graph neural network methodologies.,2022,80,False,https://openalex.org/S100,Journal of GNN Computing,GNN,gnn
https://openalex.org/W783991403,GNN Research Paper 12: Advanced study on Graph convolutional networks semi-supervised,GNN Research Paper 12: Advanced study on Graph convolutional networks semi-supervised This paper presents novel empirical insights and graph neural network methodologies.,2023,87,False,https://openalex.org/S100,Journal of GNN Computing,GNN,gnn
https://openalex.org/W18927840,GNN Research Paper 13: Advanced study on Graph convolutional networks semi-supervised,GNN Research Paper 13: Advanced study on Graph convolutional networks semi-supervised This paper presents novel empirical insights and graph neural network methodologies.,2018,94,False,https://openalex.org/S100,Journal of GNN Computing,GNN,gnn
https://openalex.org/W33393327,GNN Research Paper 14: Advanced study on Graph convolutional networks semi-supervised,GNN Research Paper 14: Advanced study on Graph convolutional networks semi-supervised This paper presents novel empirical insights and graph neural network methodologies.,2019,101,False,https://openalex.org/S100,Journal of GNN Computing,GNN,gnn
https://openalex.org/W349423984,GNN Research Paper 15: Advanced study on Graph convolutional networks semi-supervised,GNN Research Paper 15: Advanced study on Graph convolutional networks semi-supervised This paper presents novel empirical insights and graph neural network methodologies.,2020,108,False,https://openalex.org/S100,Journal of GNN Computing,GNN,gnn
https://openalex.org/W968231206,GNN Research Paper 16: Advanced study on Graph convolutional networks semi-supervised,GNN Research Paper 16: Advanced study on Graph convolutional networks semi-supervised This paper presents novel empirical insights and graph neural network methodologies.,2021,115,False,https://openalex.org/S100,Journal of GNN Computing,GNN,gnn
https://openalex.org/W37027353,GNN Research Paper 17: Advanced study on Graph convolutional networks semi-supervised,GNN Research Paper 17: Advanced study on Graph convolutional networks semi-supervised This paper presents novel empirical insights and graph neural network methodologies.,2022,122,False,https://openalex.org/S100,Journal of GNN Computing,GNN,gnn
https://openalex.org/W52624095,GNN Research Paper 18: Advanced study on Graph convolutional networks semi-supervised,GNN Research Paper 18: Advanced study on Graph convolutional networks semi-supervised This paper presents novel empirical insights and graph neural network methodologies.,2023,129,False,https://openalex.org/S100,Journal of GNN Computing,GNN,gnn
https://openalex.org/W518448471,GNN Research Paper 19: Advanced study on Graph convolutional networks semi-supervised,GNN Research Paper 19: Advanced study on Graph convolutional networks semi-supervised This paper presents novel empirical insights and graph neural network methodologies.,2018,136,False,https://openalex.org/S100,Journal of GNN Computing,GNN,gnn
https://openalex.org/W578142926,GNN Research Paper 20: Advanced study on Graph convolutional networks semi-supervised,GNN Research Paper 20: Advanced study on Graph convolutional networks semi-supervised This paper presents novel empirical insights and graph neural network methodologies.,2019,143,False,https://openalex.org/S100,Journal of GNN Computing,GNN,gnn
https://openalex.org/W780312091,GNN Research Paper 21: Advanced study on Graph convolutional networks semi-supervised,GNN Research Paper 21: Advanced study on Graph convolutional networks semi-supervised This paper presents novel empirical insights and graph neural network methodologies.,2020,150,False,https://openalex.org/S100,Journal of GNN Computing,GNN,gnn
https://openalex.org/W876143794,GNN Research Paper 22: Advanced study on Graph convolutional networks semi-supervised,GNN Research Paper 22: Advanced study on Graph convolutional networks semi-supervised This paper presents novel empirical insights and graph neural network methodologies.,2021,157,False,https://openalex.org/S100,Journal of GNN Computing,GNN,gnn
https://openalex.org/W792372125,GNN Research Paper 23: Advanced study on Graph convolutional networks semi-supervised,GNN Research Paper 23: Advanced study on Graph convolutional networks semi-supervised This paper presents novel empirical insights and graph neural network methodologies.,2022,14,False,https://openalex.org/S100,Journal of GNN Computing,GNN,gnn
https://openalex.org/W627026339,GNN Research Paper 24: Advanced study on Graph convolutional networks semi-supervised,GNN Research Paper 24: Advanced study on Graph convolutional networks semi-supervised This paper presents novel empirical insights and graph neural network methodologies.,2023,21,False,https://openalex.org/S100,Journal of GNN Computing,GNN,gnn
https://openalex.org/W872116338,GNN Research Paper 25: Advanced study on Graph convolutional networks semi-supervised,GNN Research Paper 25: Advanced study on Graph convolutional networks semi-supervised This paper presents novel empirical insights and graph neural network methodologies.,2018,28,False,https://openalex.org/S100,Journal of GNN Computing,GNN,gnn
https://openalex.org/W581672076,GNN Research Paper 26: Advanced study on Graph convolutional networks semi-supervised,GNN Research Paper 26: Advanced study on Graph convolutional networks semi-supervised This paper presents novel empirical insights and graph neural network methodologies.,2019,35,False,https://openalex.org/S100,Journal of GNN Computing,GNN,gnn
https://openalex.org/W245527882,GNN Research Paper 27: Advanced study on Graph convolutional networks semi-supervised,GNN Research Paper 27: Advanced study on Graph convolutional networks semi-supervised This paper presents novel empirical insights and graph neural network methodologies.,2020,42,False,https://openalex.org/S100,Journal of GNN Computing,GNN,gnn
https://openalex.org/W793255966,GNN Research Paper 28: Advanced study on Graph convolutional networks semi-supervised,GNN Research Paper 28: Advanced study on Graph convolutional networks semi-supervised This paper presents novel empirical insights and graph neural network methodologies.,2021,49,False,https://openalex.org/S100,Journal of GNN Computing,GNN,gnn
https://openalex.org/W66827509,GNN Research Paper 29: Advanced study on Graph convolutional networks semi-supervised,GNN Research Paper 29: Advanced study on Graph convolutional networks semi-supervised This paper presents novel empirical insights and graph neural network methodologies.,2022,56,False,https://openalex.org/S100,Journal of GNN Computing,GNN,gnn
https://openalex.org/W618683817,GNN Research Paper 30: Advanced study on Graph convolutional networks semi-supervised,GNN Research Paper 30: Advanced study on Graph convolutional networks semi-supervised This paper presents novel empirical insights and graph neural network methodologies.,2023,63,False,https://openalex.org/S100,Journal of GNN Computing,GNN,gnn
https://openalex.org/W310216135,GNN Research Paper 31: Advanced study on Graph convolutional networks semi-supervised,GNN Research Paper 31: Advanced study on Graph convolutional networks semi-supervised This paper presents novel empirical insights and graph neural network methodologies.,2018,70,False,https://openalex.org/S100,Journal of GNN Computing,GNN,gnn
https://openalex.org/W627705061,GNN Research Paper 32: Advanced study on Graph convolutional networks semi-supervised,GNN Research Paper 32: Advanced study on Graph convolutional networks semi-supervised This paper presents novel empirical insights and graph neural network methodologies.,2019,77,False,https://openalex.org/S100,Journal of GNN Computing,GNN,gnn
https://openalex.org/W669501871,GNN Research Paper 33: Advanced study on Graph convolutional networks semi-supervised,GNN Research Paper 33: Advanced study on Graph convolutional networks semi-supervised This paper presents novel empirical insights and graph neural network methodologies.,2020,84,False,https://openalex.org/S100,Journal of GNN Computing,GNN,gnn
https://openalex.org/W885311993,GNN Research Paper 34: Advanced study on Graph convolutional networks semi-supervised,GNN Research Paper 34: Advanced study on Graph convolutional networks semi-supervised This paper presents novel empirical insights and graph neural network methodologies.,2021,91,False,https://openalex.org/S100,Journal of GNN Computing,GNN,gnn
https://openalex.org/W190068963,GNN Research Paper 35: Advanced study on Graph convolutional networks semi-supervised,GNN Research Paper 35: Advanced study on Graph convolutional networks semi-supervised This paper presents novel empirical insights and graph neural network methodologies.,2022,98,False,https://openalex.org/S100,Journal of GNN Computing,GNN,gnn
https://openalex.org/W299956072,GNN Research Paper 36: Advanced study on Graph convolutional networks semi-supervised,GNN Research Paper 36: Advanced study on Graph convolutional networks semi-supervised This paper presents novel empirical insights and graph neural network methodologies.,2023,105,False,https://openalex.org/S100,Journal of GNN Computing,GNN,gnn
https://openalex.org/W398987933,GNN Research Paper 37: Advanced study on Graph convolutional networks semi-supervised,GNN Research Paper 37: Advanced study on Graph convolutional networks semi-supervised This paper presents novel empirical insights and graph neural network methodologies.,2018,112,False,https://openalex.org/S100,Journal of GNN Computing,GNN,gnn
https://openalex.org/W435344064,GNN Research Paper 38: Advanced study on Graph convolutional networks semi-supervised,GNN Research Paper 38: Advanced study on Graph convolutional networks semi-supervised This paper presents novel empirical insights and graph neural network methodologies.,2019,119,False,https://openalex.org/S100,Journal of GNN Computing,GNN,gnn
https://openalex.org/W661788408,GNN Research Paper 39: Advanced study on Graph convolutional networks semi-supervised,GNN Research Paper 39: Advanced study on Graph convolutional networks semi-supervised This paper presents novel empirical insights and graph neural network methodologies.,2020,126,False,https://openalex.org/S100,Journal of GNN Computing,GNN,gnn
https://openalex.org/W864720829,GNN Research Paper 40: Advanced study on Graph convolutional networks semi-supervised,GNN Research Paper 40: Advanced study on Graph convolutional networks semi-supervised This paper presents novel empirical insights and graph neural network methodologies.,2021,133,False,https://openalex.org/S100,Journal of GNN Computing,GNN,gnn
https://openalex.org/W609175838,Diverse Research Paper 1: Advanced study on Heterogeneous graph neural network,Diverse Research Paper 1: Advanced study on Heterogeneous graph neural network This paper presents novel empirical insights and graph neural network methodologies.,2018,10,False,https://openalex.org/S100,Journal of Diverse Computing,Diverse,gnn
https://openalex.org/W107781185,Diverse Research Paper 2: Advanced study on Heterogeneous graph neural network,Diverse Research Paper 2: Advanced study on Heterogeneous graph neural network This paper presents novel empirical insights and graph neural network methodologies.,2019,17,False,https://openalex.org/S100,Journal of Diverse Computing,Diverse,gnn
https://openalex.org/W453301849,Diverse Research Paper 3: Advanced study on Heterogeneous graph neural network,Diverse Research Paper 3: Advanced study on Heterogeneous graph neural network This paper presents novel empirical insights and graph neural network methodologies.,2020,24,False,https://openalex.org/S100,Journal of Diverse Computing,Diverse,gnn
https://openalex.org/W26774200,Diverse Research Paper 4: Advanced study on Heterogeneous graph neural network,Diverse Research Paper 4: Advanced study on Heterogeneous graph neural network This paper presents novel empirical insights and graph neural network methodologies.,2021,31,False,https://openalex.org/S100,Journal of Diverse Computing,Diverse,gnn
https://openalex.org/W469715192,Diverse Research Paper 5: Advanced study on Heterogeneous graph neural network,Diverse Research Paper 5: Advanced study on Heterogeneous graph neural network This paper presents novel empirical insights and graph neural network methodologies.,2022,38,False,https://openalex.org/S100,Journal of Diverse Computing,Diverse,gnn
https://openalex.org/W941228867,Diverse Research Paper 6: Advanced study on Heterogeneous graph neural network,Diverse Research Paper 6: Advanced study on Heterogeneous graph neural network This paper presents novel empirical insights and graph neural network methodologies.,2023,45,False,https://openalex.org/S100,Journal of Diverse Computing,Diverse,gnn
https://openalex.org/W26523949,Diverse Research Paper 7: Advanced study on Heterogeneous graph neural network,Diverse Research Paper 7: Advanced study on Heterogeneous graph neural network This paper presents novel empirical insights and graph neural network methodologies.,2018,52,False,https://openalex.org/S100,Journal of Diverse Computing,Diverse,gnn
https://openalex.org/W203637417,Diverse Research Paper 8: Advanced study on Heterogeneous graph neural network,Diverse Research Paper 8: Advanced study on Heterogeneous graph neural network This paper presents novel empirical insights and graph neural network methodologies.,2019,59,False,https://openalex.org/S100,Journal of Diverse Computing,Diverse,gnn
https://openalex.org/W503731170,Diverse Research Paper 9: Advanced study on Heterogeneous graph neural network,Diverse Research Paper 9: Advanced study on Heterogeneous graph neural network This paper presents novel empirical insights and graph neural network methodologies.,2020,66,False,https://openalex.org/S100,Journal of Diverse Computing,Diverse,gnn
https://openalex.org/W130487776,Diverse Research Paper 10: Advanced study on Heterogeneous graph neural network,Diverse Research Paper 10: Advanced study on Heterogeneous graph neural network This paper presents novel empirical insights and graph neural network methodologies.,2021,73,False,https://openalex.org/S100,Journal of Diverse Computing,Diverse,gnn
https://openalex.org/W953602144,Diverse Research Paper 11: Advanced study on Heterogeneous graph neural network,Diverse Research Paper 11: Advanced study on Heterogeneous graph neural network This paper presents novel empirical insights and graph neural network methodologies.,2022,80,False,https://openalex.org/S100,Journal of Diverse Computing,Diverse,gnn
https://openalex.org/W822736414,Diverse Research Paper 12: Advanced study on Heterogeneous graph neural network,Diverse Research Paper 12: Advanced study on Heterogeneous graph neural network This paper presents novel empirical insights and graph neural network methodologies.,2023,87,False,https://openalex.org/S100,Journal of Diverse Computing,Diverse,gnn
https://openalex.org/W905233597,Diverse Research Paper 13: Advanced study on Heterogeneous graph neural network,Diverse Research Paper 13: Advanced study on Heterogeneous graph neural network This paper presents novel empirical insights and graph neural network methodologies.,2018,94,False,https://openalex.org/S100,Journal of Diverse Computing,Diverse,gnn
https://openalex.org/W820781918,Diverse Research Paper 14: Advanced study on Heterogeneous graph neural network,Diverse Research Paper 14: Advanced study on Heterogeneous graph neural network This paper presents novel empirical insights and graph neural network methodologies.,2019,101,False,https://openalex.org/S100,Journal of Diverse Computing,Diverse,gnn
https://openalex.org/W875179298,Diverse Research Paper 15: Advanced study on Heterogeneous graph neural network,Diverse Research Paper 15: Advanced study on Heterogeneous graph neural network This paper presents novel empirical insights and graph neural network methodologies.,2020,108,False,https://openalex.org/S100,Journal of Diverse Computing,Diverse,gnn
https://openalex.org/W365398044,Diverse Research Paper 16: Advanced study on Heterogeneous graph neural network,Diverse Research Paper 16: Advanced study on Heterogeneous graph neural network This paper presents novel empirical insights and graph neural network methodologies.,2021,115,False,https://openalex.org/S100,Journal of Diverse Computing,Diverse,gnn
https://openalex.org/W895713147,Diverse Research Paper 17: Advanced study on Heterogeneous graph neural network,Diverse Research Paper 17: Advanced study on Heterogeneous graph neural network This paper presents novel empirical insights and graph neural network methodologies.,2022,122,False,https://openalex.org/S100,Journal of Diverse Computing,Diverse,gnn
https://openalex.org/W752959521,Diverse Research Paper 18: Advanced study on Heterogeneous graph neural network,Diverse Research Paper 18: Advanced study on Heterogeneous graph neural network This paper presents novel empirical insights and graph neural network methodologies.,2023,129,False,https://openalex.org/S100,Journal of Diverse Computing,Diverse,gnn
https://openalex.org/W195024916,Diverse Research Paper 19: Advanced study on Heterogeneous graph neural network,Diverse Research Paper 19: Advanced study on Heterogeneous graph neural network This paper presents novel empirical insights and graph neural network methodologies.,2018,136,False,https://openalex.org/S100,Journal of Diverse Computing,Diverse,gnn
https://openalex.org/W810193665,Diverse Research Paper 20: Advanced study on Heterogeneous graph neural network,Diverse Research Paper 20: Advanced study on Heterogeneous graph neural network This paper presents novel empirical insights and graph neural network methodologies.,2019,143,False,https://openalex.org/S100,Journal of Diverse Computing,Diverse,gnn
https://openalex.org/W790216709,Diverse Research Paper 21: Advanced study on Heterogeneous graph neural network,Diverse Research Paper 21: Advanced study on Heterogeneous graph neural network This paper presents novel empirical insights and graph neural network methodologies.,2020,150,False,https://openalex.org/S100,Journal of Diverse Computing,Diverse,gnn
https://openalex.org/W567956309,Diverse Research Paper 22: Advanced study on Heterogeneous graph neural network,Diverse Research Paper 22: Advanced study on Heterogeneous graph neural network This paper presents novel empirical insights and graph neural network methodologies.,2021,157,False,https://openalex.org/S100,Journal of Diverse Computing,Diverse,gnn
https://openalex.org/W315447119,Diverse Research Paper 23: Advanced study on Heterogeneous graph neural network,Diverse Research Paper 23: Advanced study on Heterogeneous graph neural network This paper presents novel empirical insights and graph neural network methodologies.,2022,14,False,https://openalex.org/S100,Journal of Diverse Computing,Diverse,gnn
https://openalex.org/W901296337,Diverse Research Paper 24: Advanced study on Heterogeneous graph neural network,Diverse Research Paper 24: Advanced study on Heterogeneous graph neural network This paper presents novel empirical insights and graph neural network methodologies.,2023,21,False,https://openalex.org/S100,Journal of Diverse Computing,Diverse,gnn
https://openalex.org/W156866454,Diverse Research Paper 25: Advanced study on Heterogeneous graph neural network,Diverse Research Paper 25: Advanced study on Heterogeneous graph neural network This paper presents novel empirical insights and graph neural network methodologies.,2018,28,False,https://openalex.org/S100,Journal of Diverse Computing,Diverse,gnn
https://openalex.org/W141465178,Diverse Research Paper 26: Advanced study on Heterogeneous graph neural network,Diverse Research Paper 26: Advanced study on Heterogeneous graph neural network This paper presents novel empirical insights and graph neural network methodologies.,2019,35,False,https://openalex.org/S100,Journal of Diverse Computing,Diverse,gnn
https://openalex.org/W389520923,Diverse Research Paper 27: Advanced study on Heterogeneous graph neural network,Diverse Research Paper 27: Advanced study on Heterogeneous graph neural network This paper presents novel empirical insights and graph neural network methodologies.,2020,42,False,https://openalex.org/S100,Journal of Diverse Computing,Diverse,gnn
https://openalex.org/W792929024,Diverse Research Paper 28: Advanced study on Heterogeneous graph neural network,Diverse Research Paper 28: Advanced study on Heterogeneous graph neural network This paper presents novel empirical insights and graph neural network methodologies.,2021,49,False,https://openalex.org/S100,Journal of Diverse Computing,Diverse,gnn
https://openalex.org/W930379600,Diverse Research Paper 29: Advanced study on Heterogeneous graph neural network,Diverse Research Paper 29: Advanced study on Heterogeneous graph neural network This paper presents novel empirical insights and graph neural network methodologies.,2022,56,False,https://openalex.org/S100,Journal of Diverse Computing,Diverse,gnn
https://openalex.org/W133963658,Diverse Research Paper 30: Advanced study on Heterogeneous graph neural network,Diverse Research Paper 30: Advanced study on Heterogeneous graph neural network This paper presents novel empirical insights and graph neural network methodologies.,2023,63,False,https://openalex.org/S100,Journal of Diverse Computing,Diverse,gnn
https://openalex.org/W932893184,Diverse Research Paper 31: Advanced study on Heterogeneous graph neural network,Diverse Research Paper 31: Advanced study on Heterogeneous graph neural network This paper presents novel empirical insights and graph neural network methodologies.,2018,70,False,https://openalex.org/S100,Journal of Diverse Computing,Diverse,gnn
https://openalex.org/W376896,Diverse Research Paper 32: Advanced study on Heterogeneous graph neural network,Diverse Research Paper 32: Advanced study on Heterogeneous graph neural network This paper presents novel empirical insights and graph neural network methodologies.,2019,77,False,https://openalex.org/S100,Journal of Diverse Computing,Diverse,gnn
https://openalex.org/W30669544,Diverse Research Paper 33: Advanced study on Heterogeneous graph neural network,Diverse Research Paper 33: Advanced study on Heterogeneous graph neural network This paper presents novel empirical insights and graph neural network methodologies.,2020,84,False,https://openalex.org/S100,Journal of Diverse Computing,Diverse,gnn
https://openalex.org/W556500125,Diverse Research Paper 34: Advanced study on Heterogeneous graph neural network,Diverse Research Paper 34: Advanced study on Heterogeneous graph neural network This paper presents novel empirical insights and graph neural network methodologies.,2021,91,False,https://openalex.org/S100,Journal of Diverse Computing,Diverse,gnn
https://openalex.org/W88192780,Diverse Research Paper 35: Advanced study on Heterogeneous graph neural network,Diverse Research Paper 35: Advanced study on Heterogeneous graph neural network This paper presents novel empirical insights and graph neural network methodologies.,2022,98,False,https://openalex.org/S100,Journal of Diverse Computing,Diverse,gnn
https://openalex.org/W596664006,Diverse Research Paper 36: Advanced study on Heterogeneous graph neural network,Diverse Research Paper 36: Advanced study on Heterogeneous graph neural network This paper presents novel empirical insights and graph neural network methodologies.,2023,105,False,https://openalex.org/S100,Journal of Diverse Computing,Diverse,gnn
https://openalex.org/W976896139,Diverse Research Paper 37: Advanced study on Heterogeneous graph neural network,Diverse Research Paper 37: Advanced study on Heterogeneous graph neural network This paper presents novel empirical insights and graph neural network methodologies.,2018,112,False,https://openalex.org/S100,Journal of Diverse Computing,Diverse,gnn
https://openalex.org/W793867970,Diverse Research Paper 38: Advanced study on Heterogeneous graph neural network,Diverse Research Paper 38: Advanced study on Heterogeneous graph neural network This paper presents novel empirical insights and graph neural network methodologies.,2019,119,False,https://openalex.org/S100,Journal of Diverse Computing,Diverse,gnn
https://openalex.org/W999589678,Diverse Research Paper 39: Advanced study on Heterogeneous graph neural network,Diverse Research Paper 39: Advanced study on Heterogeneous graph neural network This paper presents novel empirical insights and graph neural network methodologies.,2020,126,False,https://openalex.org/S100,Journal of Diverse Computing,Diverse,gnn
https://openalex.org/W616181628,Diverse Research Paper 40: Advanced study on Heterogeneous graph neural network,Diverse Research Paper 40: Advanced study on Heterogeneous graph neural network This paper presents novel empirical insights and graph neural network methodologies.,2021,133,False,https://openalex.org/S100,Journal of Diverse Computing,Diverse,gnn
https://openalex.org/W366439433,GNN Research Paper 1: Advanced study on Medical image segmentation fully,GNN Research Paper 1: Advanced study on Medical image segmentation fully This paper presents novel empirical insights and graph neural network methodologies.,2018,10,False,https://openalex.org/S100,Journal of GNN Computing,GNN,diverse
https://openalex.org/W343779028,GNN Research Paper 2: Advanced study on Medical image segmentation fully,GNN Research Paper 2: Advanced study on Medical image segmentation fully This paper presents novel empirical insights and graph neural network methodologies.,2019,17,False,https://openalex.org/S100,Journal of GNN Computing,GNN,diverse
https://openalex.org/W203233888,GNN Research Paper 3: Advanced study on Medical image segmentation fully,GNN Research Paper 3: Advanced study on Medical image segmentation fully This paper presents novel empirical insights and graph neural network methodologies.,2020,24,False,https://openalex.org/S100,Journal of GNN Computing,GNN,diverse
https://openalex.org/W476504446,GNN Research Paper 4: Advanced study on Medical image segmentation fully,GNN Research Paper 4: Advanced study on Medical image segmentation fully This paper presents novel empirical insights and graph neural network methodologies.,2021,31,False,https://openalex.org/S100,Journal of GNN Computing,GNN,diverse
https://openalex.org/W139613444,GNN Research Paper 5: Advanced study on Medical image segmentation fully,GNN Research Paper 5: Advanced study on Medical image segmentation fully This paper presents novel empirical insights and graph neural network methodologies.,2022,38,False,https://openalex.org/S100,Journal of GNN Computing,GNN,diverse
https://openalex.org/W563933009,GNN Research Paper 6: Advanced study on Medical image segmentation fully,GNN Research Paper 6: Advanced study on Medical image segmentation fully This paper presents novel empirical insights and graph neural network methodologies.,2023,45,False,https://openalex.org/S100,Journal of GNN Computing,GNN,diverse
https://openalex.org/W416996126,GNN Research Paper 7: Advanced study on Medical image segmentation fully,GNN Research Paper 7: Advanced study on Medical image segmentation fully This paper presents novel empirical insights and graph neural network methodologies.,2018,52,False,https://openalex.org/S100,Journal of GNN Computing,GNN,diverse
https://openalex.org/W38888723,GNN Research Paper 8: Advanced study on Medical image segmentation fully,GNN Research Paper 8: Advanced study on Medical image segmentation fully This paper presents novel empirical insights and graph neural network methodologies.,2019,59,False,https://openalex.org/S100,Journal of GNN Computing,GNN,diverse
https://openalex.org/W921337638,GNN Research Paper 9: Advanced study on Medical image segmentation fully,GNN Research Paper 9: Advanced study on Medical image segmentation fully This paper presents novel empirical insights and graph neural network methodologies.,2020,66,False,https://openalex.org/S100,Journal of GNN Computing,GNN,diverse
https://openalex.org/W426374583,GNN Research Paper 10: Advanced study on Medical image segmentation fully,GNN Research Paper 10: Advanced study on Medical image segmentation fully This paper presents novel empirical insights and graph neural network methodologies.,2021,73,False,https://openalex.org/S100,Journal of GNN Computing,GNN,diverse
https://openalex.org/W372738676,GNN Research Paper 11: Advanced study on Medical image segmentation fully,GNN Research Paper 11: Advanced study on Medical image segmentation fully This paper presents novel empirical insights and graph neural network methodologies.,2022,80,False,https://openalex.org/S100,Journal of GNN Computing,GNN,diverse
https://openalex.org/W658731267,GNN Research Paper 12: Advanced study on Medical image segmentation fully,GNN Research Paper 12: Advanced study on Medical image segmentation fully This paper presents novel empirical insights and graph neural network methodologies.,2023,87,False,https://openalex.org/S100,Journal of GNN Computing,GNN,diverse
https://openalex.org/W56071940,GNN Research Paper 13: Advanced study on Medical image segmentation fully,GNN Research Paper 13: Advanced study on Medical image segmentation fully This paper presents novel empirical insights and graph neural network methodologies.,2018,94,False,https://openalex.org/S100,Journal of GNN Computing,GNN,diverse
https://openalex.org/W382531755,GNN Research Paper 14: Advanced study on Medical image segmentation fully,GNN Research Paper 14: Advanced study on Medical image segmentation fully This paper presents novel empirical insights and graph neural network methodologies.,2019,101,False,https://openalex.org/S100,Journal of GNN Computing,GNN,diverse
https://openalex.org/W915293333,GNN Research Paper 15: Advanced study on Medical image segmentation fully,GNN Research Paper 15: Advanced study on Medical image segmentation fully This paper presents novel empirical insights and graph neural network methodologies.,2020,108,False,https://openalex.org/S100,Journal of GNN Computing,GNN,diverse
https://openalex.org/W756684663,GNN Research Paper 16: Advanced study on Medical image segmentation fully,GNN Research Paper 16: Advanced study on Medical image segmentation fully This paper presents novel empirical insights and graph neural network methodologies.,2021,115,False,https://openalex.org/S100,Journal of GNN Computing,GNN,diverse
https://openalex.org/W37427504,GNN Research Paper 17: Advanced study on Medical image segmentation fully,GNN Research Paper 17: Advanced study on Medical image segmentation fully This paper presents novel empirical insights and graph neural network methodologies.,2022,122,False,https://openalex.org/S100,Journal of GNN Computing,GNN,diverse
https://openalex.org/W39687721,GNN Research Paper 18: Advanced study on Medical image segmentation fully,GNN Research Paper 18: Advanced study on Medical image segmentation fully This paper presents novel empirical insights and graph neural network methodologies.,2023,129,False,https://openalex.org/S100,Journal of GNN Computing,GNN,diverse
https://openalex.org/W936804860,GNN Research Paper 19: Advanced study on Medical image segmentation fully,GNN Research Paper 19: Advanced study on Medical image segmentation fully This paper presents novel empirical insights and graph neural network methodologies.,2018,136,False,https://openalex.org/S100,Journal of GNN Computing,GNN,diverse
https://openalex.org/W304566144,GNN Research Paper 20: Advanced study on Medical image segmentation fully,GNN Research Paper 20: Advanced study on Medical image segmentation fully This paper presents novel empirical insights and graph neural network methodologies.,2019,143,False,https://openalex.org/S100,Journal of GNN Computing,GNN,diverse
https://openalex.org/W167380587,GNN Research Paper 21: Advanced study on Medical image segmentation fully,GNN Research Paper 21: Advanced study on Medical image segmentation fully This paper presents novel empirical insights and graph neural network methodologies.,2020,150,False,https://openalex.org/S100,Journal of GNN Computing,GNN,diverse
https://openalex.org/W551558467,GNN Research Paper 22: Advanced study on Medical image segmentation fully,GNN Research Paper 22: Advanced study on Medical image segmentation fully This paper presents novel empirical insights and graph neural network methodologies.,2021,157,False,https://openalex.org/S100,Journal of GNN Computing,GNN,diverse
https://openalex.org/W71870735,GNN Research Paper 23: Advanced study on Medical image segmentation fully,GNN Research Paper 23: Advanced study on Medical image segmentation fully This paper presents novel empirical insights and graph neural network methodologies.,2022,14,False,https://openalex.org/S100,Journal of GNN Computing,GNN,diverse
https://openalex.org/W489230341,GNN Research Paper 24: Advanced study on Medical image segmentation fully,GNN Research Paper 24: Advanced study on Medical image segmentation fully This paper presents novel empirical insights and graph neural network methodologies.,2023,21,False,https://openalex.org/S100,Journal of GNN Computing,GNN,diverse
https://openalex.org/W203868946,GNN Research Paper 25: Advanced study on Medical image segmentation fully,GNN Research Paper 25: Advanced study on Medical image segmentation fully This paper presents novel empirical insights and graph neural network methodologies.,2018,28,False,https://openalex.org/S100,Journal of GNN Computing,GNN,diverse
https://openalex.org/W418663289,GNN Research Paper 26: Advanced study on Medical image segmentation fully,GNN Research Paper 26: Advanced study on Medical image segmentation fully This paper presents novel empirical insights and graph neural network methodologies.,2019,35,False,https://openalex.org/S100,Journal of GNN Computing,GNN,diverse
https://openalex.org/W749116228,GNN Research Paper 27: Advanced study on Medical image segmentation fully,GNN Research Paper 27: Advanced study on Medical image segmentation fully This paper presents novel empirical insights and graph neural network methodologies.,2020,42,False,https://openalex.org/S100,Journal of GNN Computing,GNN,diverse
https://openalex.org/W432463288,GNN Research Paper 28: Advanced study on Medical image segmentation fully,GNN Research Paper 28: Advanced study on Medical image segmentation fully This paper presents novel empirical insights and graph neural network methodologies.,2021,49,False,https://openalex.org/S100,Journal of GNN Computing,GNN,diverse
https://openalex.org/W700391312,GNN Research Paper 29: Advanced study on Medical image segmentation fully,GNN Research Paper 29: Advanced study on Medical image segmentation fully This paper presents novel empirical insights and graph neural network methodologies.,2022,56,False,https://openalex.org/S100,Journal of GNN Computing,GNN,diverse
https://openalex.org/W361538893,GNN Research Paper 30: Advanced study on Medical image segmentation fully,GNN Research Paper 30: Advanced study on Medical image segmentation fully This paper presents novel empirical insights and graph neural network methodologies.,2023,63,False,https://openalex.org/S100,Journal of GNN Computing,GNN,diverse
https://openalex.org/W502409655,GNN Research Paper 31: Advanced study on Medical image segmentation fully,GNN Research Paper 31: Advanced study on Medical image segmentation fully This paper presents novel empirical insights and graph neural network methodologies.,2018,70,False,https://openalex.org/S100,Journal of GNN Computing,GNN,diverse
https://openalex.org/W389334029,GNN Research Paper 32: Advanced study on Medical image segmentation fully,GNN Research Paper 32: Advanced study on Medical image segmentation fully This paper presents novel empirical insights and graph neural network methodologies.,2019,77,False,https://openalex.org/S100,Journal of GNN Computing,GNN,diverse
https://openalex.org/W514703018,GNN Research Paper 33: Advanced study on Medical image segmentation fully,GNN Research Paper 33: Advanced study on Medical image segmentation fully This paper presents novel empirical insights and graph neural network methodologies.,2020,84,False,https://openalex.org/S100,Journal of GNN Computing,GNN,diverse
https://openalex.org/W911942208,GNN Research Paper 34: Advanced study on Medical image segmentation fully,GNN Research Paper 34: Advanced study on Medical image segmentation fully This paper presents novel empirical insights and graph neural network methodologies.,2021,91,False,https://openalex.org/S100,Journal of GNN Computing,GNN,diverse
https://openalex.org/W452772569,GNN Research Paper 35: Advanced study on Medical image segmentation fully,GNN Research Paper 35: Advanced study on Medical image segmentation fully This paper presents novel empirical insights and graph neural network methodologies.,2022,98,False,https://openalex.org/S100,Journal of GNN Computing,GNN,diverse
https://openalex.org/W302352064,GNN Research Paper 36: Advanced study on Medical image segmentation fully,GNN Research Paper 36: Advanced study on Medical image segmentation fully This paper presents novel empirical insights and graph neural network methodologies.,2023,105,False,https://openalex.org/S100,Journal of GNN Computing,GNN,diverse
https://openalex.org/W839329191,GNN Research Paper 37: Advanced study on Medical image segmentation fully,GNN Research Paper 37: Advanced study on Medical image segmentation fully This paper presents novel empirical insights and graph neural network methodologies.,2018,112,False,https://openalex.org/S100,Journal of GNN Computing,GNN,diverse
https://openalex.org/W127380293,GNN Research Paper 38: Advanced study on Medical image segmentation fully,GNN Research Paper 38: Advanced study on Medical image segmentation fully This paper presents novel empirical insights and graph neural network methodologies.,2019,119,False,https://openalex.org/S100,Journal of GNN Computing,GNN,diverse
https://openalex.org/W974766789,GNN Research Paper 39: Advanced study on Medical image segmentation fully,GNN Research Paper 39: Advanced study on Medical image segmentation fully This paper presents novel empirical insights and graph neural network methodologies.,2020,126,False,https://openalex.org/S100,Journal of GNN Computing,GNN,diverse
https://openalex.org/W223645781,GNN Research Paper 40: Advanced study on Medical image segmentation fully,GNN Research Paper 40: Advanced study on Medical image segmentation fully This paper presents novel empirical insights and graph neural network methodologies.,2021,133,False,https://openalex.org/S100,Journal of GNN Computing,GNN,diverse
https://openalex.org/W763964552,Diverse Research Paper 1: Advanced study on Sentiment analysis natural language,Diverse Research Paper 1: Advanced study on Sentiment analysis natural language This paper presents novel empirical insights and graph neural network methodologies.,2018,10,False,https://openalex.org/S100,Journal of Diverse Computing,Diverse,diverse
https://openalex.org/W866699271,Diverse Research Paper 2: Advanced study on Sentiment analysis natural language,Diverse Research Paper 2: Advanced study on Sentiment analysis natural language This paper presents novel empirical insights and graph neural network methodologies.,2019,17,False,https://openalex.org/S100,Journal of Diverse Computing,Diverse,diverse
https://openalex.org/W13184181,Diverse Research Paper 3: Advanced study on Sentiment analysis natural language,Diverse Research Paper 3: Advanced study on Sentiment analysis natural language This paper presents novel empirical insights and graph neural network methodologies.,2020,24,False,https://openalex.org/S100,Journal of Diverse Computing,Diverse,diverse
https://openalex.org/W512755700,Diverse Research Paper 4: Advanced study on Sentiment analysis natural language,Diverse Research Paper 4: Advanced study on Sentiment analysis natural language This paper presents novel empirical insights and graph neural network methodologies.,2021,31,False,https://openalex.org/S100,Journal of Diverse Computing,Diverse,diverse
https://openalex.org/W493148912,Diverse Research Paper 5: Advanced study on Sentiment analysis natural language,Diverse Research Paper 5: Advanced study on Sentiment analysis natural language This paper presents novel empirical insights and graph neural network methodologies.,2022,38,False,https://openalex.org/S100,Journal of Diverse Computing,Diverse,diverse
https://openalex.org/W431070976,Diverse Research Paper 6: Advanced study on Sentiment analysis natural language,Diverse Research Paper 6: Advanced study on Sentiment analysis natural language This paper presents novel empirical insights and graph neural network methodologies.,2023,45,False,https://openalex.org/S100,Journal of Diverse Computing,Diverse,diverse
https://openalex.org/W907485448,Diverse Research Paper 7: Advanced study on Sentiment analysis natural language,Diverse Research Paper 7: Advanced study on Sentiment analysis natural language This paper presents novel empirical insights and graph neural network methodologies.,2018,52,False,https://openalex.org/S100,Journal of Diverse Computing,Diverse,diverse
https://openalex.org/W109656580,Diverse Research Paper 8: Advanced study on Sentiment analysis natural language,Diverse Research Paper 8: Advanced study on Sentiment analysis natural language This paper presents novel empirical insights and graph neural network methodologies.,2019,59,False,https://openalex.org/S100,Journal of Diverse Computing,Diverse,diverse
https://openalex.org/W970502498,Diverse Research Paper 9: Advanced study on Sentiment analysis natural language,Diverse Research Paper 9: Advanced study on Sentiment analysis natural language This paper presents novel empirical insights and graph neural network methodologies.,2020,66,False,https://openalex.org/S100,Journal of Diverse Computing,Diverse,diverse
https://openalex.org/W656615220,Diverse Research Paper 10: Advanced study on Sentiment analysis natural language,Diverse Research Paper 10: Advanced study on Sentiment analysis natural language This paper presents novel empirical insights and graph neural network methodologies.,2021,73,False,https://openalex.org/S100,Journal of Diverse Computing,Diverse,diverse
https://openalex.org/W231178599,Diverse Research Paper 11: Advanced study on Sentiment analysis natural language,Diverse Research Paper 11: Advanced study on Sentiment analysis natural language This paper presents novel empirical insights and graph neural network methodologies.,2022,80,False,https://openalex.org/S100,Journal of Diverse Computing,Diverse,diverse
https://openalex.org/W679305373,Diverse Research Paper 12: Advanced study on Sentiment analysis natural language,Diverse Research Paper 12: Advanced study on Sentiment analysis natural language This paper presents novel empirical insights and graph neural network methodologies.,2023,87,False,https://openalex.org/S100,Journal of Diverse Computing,Diverse,diverse
https://openalex.org/W556574294,Diverse Research Paper 13: Advanced study on Sentiment analysis natural language,Diverse Research Paper 13: Advanced study on Sentiment analysis natural language This paper presents novel empirical insights and graph neural network methodologies.,2018,94,False,https://openalex.org/S100,Journal of Diverse Computing,Diverse,diverse
https://openalex.org/W505989453,Diverse Research Paper 14: Advanced study on Sentiment analysis natural language,Diverse Research Paper 14: Advanced study on Sentiment analysis natural language This paper presents novel empirical insights and graph neural network methodologies.,2019,101,False,https://openalex.org/S100,Journal of Diverse Computing,Diverse,diverse
https://openalex.org/W213956458,Diverse Research Paper 15: Advanced study on Sentiment analysis natural language,Diverse Research Paper 15: Advanced study on Sentiment analysis natural language This paper presents novel empirical insights and graph neural network methodologies.,2020,108,False,https://openalex.org/S100,Journal of Diverse Computing,Diverse,diverse
https://openalex.org/W730109079,Diverse Research Paper 16: Advanced study on Sentiment analysis natural language,Diverse Research Paper 16: Advanced study on Sentiment analysis natural language This paper presents novel empirical insights and graph neural network methodologies.,2021,115,False,https://openalex.org/S100,Journal of Diverse Computing,Diverse,diverse
https://openalex.org/W871553757,Diverse Research Paper 17: Advanced study on Sentiment analysis natural language,Diverse Research Paper 17: Advanced study on Sentiment analysis natural language This paper presents novel empirical insights and graph neural network methodologies.,2022,122,False,https://openalex.org/S100,Journal of Diverse Computing,Diverse,diverse
https://openalex.org/W457370030,Diverse Research Paper 18: Advanced study on Sentiment analysis natural language,Diverse Research Paper 18: Advanced study on Sentiment analysis natural language This paper presents novel empirical insights and graph neural network methodologies.,2023,129,False,https://openalex.org/S100,Journal of Diverse Computing,Diverse,diverse
https://openalex.org/W357526211,Diverse Research Paper 19: Advanced study on Sentiment analysis natural language,Diverse Research Paper 19: Advanced study on Sentiment analysis natural language This paper presents novel empirical insights and graph neural network methodologies.,2018,136,False,https://openalex.org/S100,Journal of Diverse Computing,Diverse,diverse
https://openalex.org/W606980478,Diverse Research Paper 20: Advanced study on Sentiment analysis natural language,Diverse Research Paper 20: Advanced study on Sentiment analysis natural language This paper presents novel empirical insights and graph neural network methodologies.,2019,143,False,https://openalex.org/S100,Journal of Diverse Computing,Diverse,diverse
https://openalex.org/W728525222,Diverse Research Paper 21: Advanced study on Sentiment analysis natural language,Diverse Research Paper 21: Advanced study on Sentiment analysis natural language This paper presents novel empirical insights and graph neural network methodologies.,2020,150,False,https://openalex.org/S100,Journal of Diverse Computing,Diverse,diverse
https://openalex.org/W345308760,Diverse Research Paper 22: Advanced study on Sentiment analysis natural language,Diverse Research Paper 22: Advanced study on Sentiment analysis natural language This paper presents novel empirical insights and graph neural network methodologies.,2021,157,False,https://openalex.org/S100,Journal of Diverse Computing,Diverse,diverse
https://openalex.org/W224014189,Diverse Research Paper 23: Advanced study on Sentiment analysis natural language,Diverse Research Paper 23: Advanced study on Sentiment analysis natural language This paper presents novel empirical insights and graph neural network methodologies.,2022,14,False,https://openalex.org/S100,Journal of Diverse Computing,Diverse,diverse
https://openalex.org/W938169045,Diverse Research Paper 24: Advanced study on Sentiment analysis natural language,Diverse Research Paper 24: Advanced study on Sentiment analysis natural language This paper presents novel empirical insights and graph neural network methodologies.,2023,21,False,https://openalex.org/S100,Journal of Diverse Computing,Diverse,diverse
https://openalex.org/W579247396,Diverse Research Paper 25: Advanced study on Sentiment analysis natural language,Diverse Research Paper 25: Advanced study on Sentiment analysis natural language This paper presents novel empirical insights and graph neural network methodologies.,2018,28,False,https://openalex.org/S100,Journal of Diverse Computing,Diverse,diverse
https://openalex.org/W985101793,Diverse Research Paper 26: Advanced study on Sentiment analysis natural language,Diverse Research Paper 26: Advanced study on Sentiment analysis natural language This paper presents novel empirical insights and graph neural network methodologies.,2019,35,False,https://openalex.org/S100,Journal of Diverse Computing,Diverse,diverse
https://openalex.org/W543841994,Diverse Research Paper 27: Advanced study on Sentiment analysis natural language,Diverse Research Paper 27: Advanced study on Sentiment analysis natural language This paper presents novel empirical insights and graph neural network methodologies.,2020,42,False,https://openalex.org/S100,Journal of Diverse Computing,Diverse,diverse
https://openalex.org/W640024723,Diverse Research Paper 28: Advanced study on Sentiment analysis natural language,Diverse Research Paper 28: Advanced study on Sentiment analysis natural language This paper presents novel empirical insights and graph neural network methodologies.,2021,49,False,https://openalex.org/S100,Journal of Diverse Computing,Diverse,diverse
https://openalex.org/W220429719,Diverse Research Paper 29: Advanced study on Sentiment analysis natural language,Diverse Research Paper 29: Advanced study on Sentiment analysis natural language This paper presents novel empirical insights and graph neural network methodologies.,2022,56,False,https://openalex.org/S100,Journal of Diverse Computing,Diverse,diverse
https://openalex.org/W28083366,Diverse Research Paper 30: Advanced study on Sentiment analysis natural language,Diverse Research Paper 30: Advanced study on Sentiment analysis natural language This paper presents novel empirical insights and graph neural network methodologies.,2023,63,False,https://openalex.org/S100,Journal of Diverse Computing,Diverse,diverse
https://openalex.org/W446598956,Diverse Research Paper 31: Advanced study on Sentiment analysis natural language,Diverse Research Paper 31: Advanced study on Sentiment analysis natural language This paper presents novel empirical insights and graph neural network methodologies.,2018,70,False,https://openalex.org/S100,Journal of Diverse Computing,Diverse,diverse
https://openalex.org/W445488776,Diverse Research Paper 32: Advanced study on Sentiment analysis natural language,Diverse Research Paper 32: Advanced study on Sentiment analysis natural language This paper presents novel empirical insights and graph neural network methodologies.,2019,77,False,https://openalex.org/S100,Journal of Diverse Computing,Diverse,diverse
https://openalex.org/W627481324,Diverse Research Paper 33: Advanced study on Sentiment analysis natural language,Diverse Research Paper 33: Advanced study on Sentiment analysis natural language This paper presents novel empirical insights and graph neural network methodologies.,2020,84,False,https://openalex.org/S100,Journal of Diverse Computing,Diverse,diverse
https://openalex.org/W292375198,Diverse Research Paper 34: Advanced study on Sentiment analysis natural language,Diverse Research Paper 34: Advanced study on Sentiment analysis natural language This paper presents novel empirical insights and graph neural network methodologies.,2021,91,False,https://openalex.org/S100,Journal of Diverse Computing,Diverse,diverse
https://openalex.org/W212463798,Diverse Research Paper 35: Advanced study on Sentiment analysis natural language,Diverse Research Paper 35: Advanced study on Sentiment analysis natural language This paper presents novel empirical insights and graph neural network methodologies.,2022,98,False,https://openalex.org/S100,Journal of Diverse Computing,Diverse,diverse
https://openalex.org/W281601821,Diverse Research Paper 36: Advanced study on Sentiment analysis natural language,Diverse Research Paper 36: Advanced study on Sentiment analysis natural language This paper presents novel empirical insights and graph neural network methodologies.,2023,105,False,https://openalex.org/S100,Journal of Diverse Computing,Diverse,diverse
https://openalex.org/W948640146,Diverse Research Paper 37: Advanced study on Sentiment analysis natural language,Diverse Research Paper 37: Advanced study on Sentiment analysis natural language This paper presents novel empirical insights and graph neural network methodologies.,2018,112,False,https://openalex.org/S100,Journal of Diverse Computing,Diverse,diverse
https://openalex.org/W306217816,Diverse Research Paper 38: Advanced study on Sentiment analysis natural language,Diverse Research Paper 38: Advanced study on Sentiment analysis natural language This paper presents novel empirical insights and graph neural network methodologies.,2019,119,False,https://openalex.org/S100,Journal of Diverse Computing,Diverse,diverse
https://openalex.org/W176373017,Diverse Research Paper 39: Advanced study on Sentiment analysis natural language,Diverse Research Paper 39: Advanced study on Sentiment analysis natural language This paper presents novel empirical insights and graph neural network methodologies.,2020,126,False,https://openalex.org/S100,Journal of Diverse Computing,Diverse,diverse
https://openalex.org/W238919461,Diverse Research Paper 40: Advanced study on Sentiment analysis natural language,Diverse Research Paper 40: Advanced study on Sentiment analysis natural language This paper presents novel empirical insights and graph neural network methodologies.,2021,133,False,https://openalex.org/S100,Journal of Diverse Computing,Diverse,diverse
https://openalex.org/W371522439,Diverse Research Paper 1: Advanced study on Reinforcement learning robot locomotion,Diverse Research Paper 1: Advanced study on Reinforcement learning robot locomotion This paper presents novel empirical insights and graph neural network methodologies.,2018,10,False,https://openalex.org/S100,Journal of Diverse Computing,Diverse,diverse
https://openalex.org/W140175138,Diverse Research Paper 2: Advanced study on Reinforcement learning robot locomotion,Diverse Research Paper 2: Advanced study on Reinforcement learning robot locomotion This paper presents novel empirical insights and graph neural network methodologies.,2019,17,False,https://openalex.org/S100,Journal of Diverse Computing,Diverse,diverse
https://openalex.org/W869570009,Diverse Research Paper 3: Advanced study on Reinforcement learning robot locomotion,Diverse Research Paper 3: Advanced study on Reinforcement learning robot locomotion This paper presents novel empirical insights and graph neural network methodologies.,2020,24,False,https://openalex.org/S100,Journal of Diverse Computing,Diverse,diverse
https://openalex.org/W608386861,Diverse Research Paper 4: Advanced study on Reinforcement learning robot locomotion,Diverse Research Paper 4: Advanced study on Reinforcement learning robot locomotion This paper presents novel empirical insights and graph neural network methodologies.,2021,31,False,https://openalex.org/S100,Journal of Diverse Computing,Diverse,diverse
https://openalex.org/W10794300,Diverse Research Paper 5: Advanced study on Reinforcement learning robot locomotion,Diverse Research Paper 5: Advanced study on Reinforcement learning robot locomotion This paper presents novel empirical insights and graph neural network methodologies.,2022,38,False,https://openalex.org/S100,Journal of Diverse Computing,Diverse,diverse
https://openalex.org/W746681060,Diverse Research Paper 6: Advanced study on Reinforcement learning robot locomotion,Diverse Research Paper 6: Advanced study on Reinforcement learning robot locomotion This paper presents novel empirical insights and graph neural network methodologies.,2023,45,False,https://openalex.org/S100,Journal of Diverse Computing,Diverse,diverse
https://openalex.org/W764297042,Diverse Research Paper 7: Advanced study on Reinforcement learning robot locomotion,Diverse Research Paper 7: Advanced study on Reinforcement learning robot locomotion This paper presents novel empirical insights and graph neural network methodologies.,2018,52,False,https://openalex.org/S100,Journal of Diverse Computing,Diverse,diverse
https://openalex.org/W65585684,Diverse Research Paper 8: Advanced study on Reinforcement learning robot locomotion,Diverse Research Paper 8: Advanced study on Reinforcement learning robot locomotion This paper presents novel empirical insights and graph neural network methodologies.,2019,59,False,https://openalex.org/S100,Journal of Diverse Computing,Diverse,diverse
https://openalex.org/W678696114,Diverse Research Paper 9: Advanced study on Reinforcement learning robot locomotion,Diverse Research Paper 9: Advanced study on Reinforcement learning robot locomotion This paper presents novel empirical insights and graph neural network methodologies.,2020,66,False,https://openalex.org/S100,Journal of Diverse Computing,Diverse,diverse
https://openalex.org/W695854644,Diverse Research Paper 10: Advanced study on Reinforcement learning robot locomotion,Diverse Research Paper 10: Advanced study on Reinforcement learning robot locomotion This paper presents novel empirical insights and graph neural network methodologies.,2021,73,False,https://openalex.org/S100,Journal of Diverse Computing,Diverse,diverse
https://openalex.org/W71187723,Diverse Research Paper 11: Advanced study on Reinforcement learning robot locomotion,Diverse Research Paper 11: Advanced study on Reinforcement learning robot locomotion This paper presents novel empirical insights and graph neural network methodologies.,2022,80,False,https://openalex.org/S100,Journal of Diverse Computing,Diverse,diverse
https://openalex.org/W879291031,Diverse Research Paper 12: Advanced study on Reinforcement learning robot locomotion,Diverse Research Paper 12: Advanced study on Reinforcement learning robot locomotion This paper presents novel empirical insights and graph neural network methodologies.,2023,87,False,https://openalex.org/S100,Journal of Diverse Computing,Diverse,diverse
https://openalex.org/W91671330,Diverse Research Paper 13: Advanced study on Reinforcement learning robot locomotion,Diverse Research Paper 13: Advanced study on Reinforcement learning robot locomotion This paper presents novel empirical insights and graph neural network methodologies.,2018,94,False,https://openalex.org/S100,Journal of Diverse Computing,Diverse,diverse
https://openalex.org/W342693822,Diverse Research Paper 14: Advanced study on Reinforcement learning robot locomotion,Diverse Research Paper 14: Advanced study on Reinforcement learning robot locomotion This paper presents novel empirical insights and graph neural network methodologies.,2019,101,False,https://openalex.org/S100,Journal of Diverse Computing,Diverse,diverse
https://openalex.org/W173246210,Diverse Research Paper 15: Advanced study on Reinforcement learning robot locomotion,Diverse Research Paper 15: Advanced study on Reinforcement learning robot locomotion This paper presents novel empirical insights and graph neural network methodologies.,2020,108,False,https://openalex.org/S100,Journal of Diverse Computing,Diverse,diverse
https://openalex.org/W776819434,Diverse Research Paper 16: Advanced study on Reinforcement learning robot locomotion,Diverse Research Paper 16: Advanced study on Reinforcement learning robot locomotion This paper presents novel empirical insights and graph neural network methodologies.,2021,115,False,https://openalex.org/S100,Journal of Diverse Computing,Diverse,diverse
https://openalex.org/W775568383,Diverse Research Paper 17: Advanced study on Reinforcement learning robot locomotion,Diverse Research Paper 17: Advanced study on Reinforcement learning robot locomotion This paper presents novel empirical insights and graph neural network methodologies.,2022,122,False,https://openalex.org/S100,Journal of Diverse Computing,Diverse,diverse
https://openalex.org/W999075903,Diverse Research Paper 18: Advanced study on Reinforcement learning robot locomotion,Diverse Research Paper 18: Advanced study on Reinforcement learning robot locomotion This paper presents novel empirical insights and graph neural network methodologies.,2023,129,False,https://openalex.org/S100,Journal of Diverse Computing,Diverse,diverse
https://openalex.org/W216391355,Diverse Research Paper 19: Advanced study on Reinforcement learning robot locomotion,Diverse Research Paper 19: Advanced study on Reinforcement learning robot locomotion This paper presents novel empirical insights and graph neural network methodologies.,2018,136,False,https://openalex.org/S100,Journal of Diverse Computing,Diverse,diverse
https://openalex.org/W737614885,Diverse Research Paper 20: Advanced study on Reinforcement learning robot locomotion,Diverse Research Paper 20: Advanced study on Reinforcement learning robot locomotion This paper presents novel empirical insights and graph neural network methodologies.,2019,143,False,https://openalex.org/S100,Journal of Diverse Computing,Diverse,diverse
https://openalex.org/W609978234,Diverse Research Paper 21: Advanced study on Reinforcement learning robot locomotion,Diverse Research Paper 21: Advanced study on Reinforcement learning robot locomotion This paper presents novel empirical insights and graph neural network methodologies.,2020,150,False,https://openalex.org/S100,Journal of Diverse Computing,Diverse,diverse
https://openalex.org/W122623614,Diverse Research Paper 22: Advanced study on Reinforcement learning robot locomotion,Diverse Research Paper 22: Advanced study on Reinforcement learning robot locomotion This paper presents novel empirical insights and graph neural network methodologies.,2021,157,False,https://openalex.org/S100,Journal of Diverse Computing,Diverse,diverse
https://openalex.org/W602974939,Diverse Research Paper 23: Advanced study on Reinforcement learning robot locomotion,Diverse Research Paper 23: Advanced study on Reinforcement learning robot locomotion This paper presents novel empirical insights and graph neural network methodologies.,2022,14,False,https://openalex.org/S100,Journal of Diverse Computing,Diverse,diverse
https://openalex.org/W862789428,Diverse Research Paper 24: Advanced study on Reinforcement learning robot locomotion,Diverse Research Paper 24: Advanced study on Reinforcement learning robot locomotion This paper presents novel empirical insights and graph neural network methodologies.,2023,21,False,https://openalex.org/S100,Journal of Diverse Computing,Diverse,diverse
https://openalex.org/W522861380,Diverse Research Paper 25: Advanced study on Reinforcement learning robot locomotion,Diverse Research Paper 25: Advanced study on Reinforcement learning robot locomotion This paper presents novel empirical insights and graph neural network methodologies.,2018,28,False,https://openalex.org/S100,Journal of Diverse Computing,Diverse,diverse
https://openalex.org/W583714581,Diverse Research Paper 26: Advanced study on Reinforcement learning robot locomotion,Diverse Research Paper 26: Advanced study on Reinforcement learning robot locomotion This paper presents novel empirical insights and graph neural network methodologies.,2019,35,False,https://openalex.org/S100,Journal of Diverse Computing,Diverse,diverse
https://openalex.org/W637443413,Diverse Research Paper 27: Advanced study on Reinforcement learning robot locomotion,Diverse Research Paper 27: Advanced study on Reinforcement learning robot locomotion This paper presents novel empirical insights and graph neural network methodologies.,2020,42,False,https://openalex.org/S100,Journal of Diverse Computing,Diverse,diverse
https://openalex.org/W543991663,Diverse Research Paper 28: Advanced study on Reinforcement learning robot locomotion,Diverse Research Paper 28: Advanced study on Reinforcement learning robot locomotion This paper presents novel empirical insights and graph neural network methodologies.,2021,49,False,https://openalex.org/S100,Journal of Diverse Computing,Diverse,diverse
https://openalex.org/W428761936,Diverse Research Paper 29: Advanced study on Reinforcement learning robot locomotion,Diverse Research Paper 29: Advanced study on Reinforcement learning robot locomotion This paper presents novel empirical insights and graph neural network methodologies.,2022,56,False,https://openalex.org/S100,Journal of Diverse Computing,Diverse,diverse
https://openalex.org/W395282498,Diverse Research Paper 30: Advanced study on Reinforcement learning robot locomotion,Diverse Research Paper 30: Advanced study on Reinforcement learning robot locomotion This paper presents novel empirical insights and graph neural network methodologies.,2023,63,False,https://openalex.org/S100,Journal of Diverse Computing,Diverse,diverse
https://openalex.org/W411138156,Diverse Research Paper 31: Advanced study on Reinforcement learning robot locomotion,Diverse Research Paper 31: Advanced study on Reinforcement learning robot locomotion This paper presents novel empirical insights and graph neural network methodologies.,2018,70,False,https://openalex.org/S100,Journal of Diverse Computing,Diverse,diverse
https://openalex.org/W91448825,Diverse Research Paper 32: Advanced study on Reinforcement learning robot locomotion,Diverse Research Paper 32: Advanced study on Reinforcement learning robot locomotion This paper presents novel empirical insights and graph neural network methodologies.,2019,77,False,https://openalex.org/S100,Journal of Diverse Computing,Diverse,diverse
https://openalex.org/W231136671,Diverse Research Paper 33: Advanced study on Reinforcement learning robot locomotion,Diverse Research Paper 33: Advanced study on Reinforcement learning robot locomotion This paper presents novel empirical insights and graph neural network methodologies.,2020,84,False,https://openalex.org/S100,Journal of Diverse Computing,Diverse,diverse
https://openalex.org/W582875447,Diverse Research Paper 34: Advanced study on Reinforcement learning robot locomotion,Diverse Research Paper 34: Advanced study on Reinforcement learning robot locomotion This paper presents novel empirical insights and graph neural network methodologies.,2021,91,False,https://openalex.org/S100,Journal of Diverse Computing,Diverse,diverse
https://openalex.org/W713898562,Diverse Research Paper 35: Advanced study on Reinforcement learning robot locomotion,Diverse Research Paper 35: Advanced study on Reinforcement learning robot locomotion This paper presents novel empirical insights and graph neural network methodologies.,2022,98,False,https://openalex.org/S100,Journal of Diverse Computing,Diverse,diverse
https://openalex.org/W970069538,Diverse Research Paper 36: Advanced study on Reinforcement learning robot locomotion,Diverse Research Paper 36: Advanced study on Reinforcement learning robot locomotion This paper presents novel empirical insights and graph neural network methodologies.,2023,105,False,https://openalex.org/S100,Journal of Diverse Computing,Diverse,diverse
https://openalex.org/W780101781,Diverse Research Paper 37: Advanced study on Reinforcement learning robot locomotion,Diverse Research Paper 37: Advanced study on Reinforcement learning robot locomotion This paper presents novel empirical insights and graph neural network methodologies.,2018,112,False,https://openalex.org/S100,Journal of Diverse Computing,Diverse,diverse
https://openalex.org/W640358209,Diverse Research Paper 38: Advanced study on Reinforcement learning robot locomotion,Diverse Research Paper 38: Advanced study on Reinforcement learning robot locomotion This paper presents novel empirical insights and graph neural network methodologies.,2019,119,False,https://openalex.org/S100,Journal of Diverse Computing,Diverse,diverse
https://openalex.org/W69227875,Diverse Research Paper 39: Advanced study on Reinforcement learning robot locomotion,Diverse Research Paper 39: Advanced study on Reinforcement learning robot locomotion This paper presents novel empirical insights and graph neural network methodologies.,2020,126,False,https://openalex.org/S100,Journal of Diverse Computing,Diverse,diverse
https://openalex.org/W901396378,Diverse Research Paper 40: Advanced study on Reinforcement learning robot locomotion,Diverse Research Paper 40: Advanced study on Reinforcement learning robot locomotion This paper presents novel empirical insights and graph neural network methodologies.,2021,133,False,https://openalex.org/S100,Journal of Diverse Computing,Diverse,diverse
