paper_id,corpus_tag,embedding_index
https://openalex.org/W385300377,gnn,0
https://openalex.org/W221985417,gnn,1
https://openalex.org/W907238538,gnn,2
https://openalex.org/W227907366,gnn,3
https://openalex.org/W734636684,gnn,4
https://openalex.org/W941255612,gnn,5
https://openalex.org/W550635983,gnn,6
https://openalex.org/W244838690,gnn,7
https://openalex.org/W167730738,gnn,8
https://openalex.org/W786913578,gnn,9
https://openalex.org/W586641115,gnn,10
https://openalex.org/W368131351,gnn,11
https://openalex.org/W572550859,gnn,12
https://openalex.org/W377593012,gnn,13
https://openalex.org/W539142112,gnn,14
https://openalex.org/W888638595,gnn,15
https://openalex.org/W71490114,gnn,16
https://openalex.org/W160229267,gnn,17
https://openalex.org/W804407853,gnn,18
https://openalex.org/W228202126,gnn,19
https://openalex.org/W858052057,gnn,20
https://openalex.org/W620212507,gnn,21
https://openalex.org/W95472119,gnn,22
https://openalex.org/W168090644,gnn,23
https://openalex.org/W887697504,gnn,24
https://openalex.org/W51890768,gnn,25
https://openalex.org/W786156825,gnn,26
https://openalex.org/W627363710,gnn,27
https://openalex.org/W14586928,gnn,28
https://openalex.org/W356389653,gnn,29
https://openalex.org/W880967556,gnn,30
https://openalex.org/W531972770,gnn,31
https://openalex.org/W494251762,gnn,32
https://openalex.org/W336686160,gnn,33
https://openalex.org/W667729961,gnn,34
https://openalex.org/W404965471,gnn,35
https://openalex.org/W718463580,gnn,36
https://openalex.org/W57200391,gnn,37
https://openalex.org/W627321568,gnn,38
https://openalex.org/W655344885,gnn,39
https://openalex.org/W694488422,gnn,40
https://openalex.org/W599213086,gnn,41
https://openalex.org/W115209135,gnn,42
https://openalex.org/W24887066,gnn,43
https://openalex.org/W311410462,gnn,44
https://openalex.org/W122586118,gnn,45
https://openalex.org/W82450230,gnn,46
https://openalex.org/W837238296,gnn,47
https://openalex.org/W420993993,gnn,48
https://openalex.org/W323776135,gnn,49
https://openalex.org/W575999170,gnn,50
https://openalex.org/W783991403,gnn,51
https://openalex.org/W18927840,gnn,52
https://openalex.org/W33393327,gnn,53
https://openalex.org/W349423984,gnn,54
https://openalex.org/W968231206,gnn,55
https://openalex.org/W37027353,gnn,56
https://openalex.org/W52624095,gnn,57
https://openalex.org/W518448471,gnn,58
https://openalex.org/W578142926,gnn,59
https://openalex.org/W780312091,gnn,60
https://openalex.org/W876143794,gnn,61
https://openalex.org/W792372125,gnn,62
https://openalex.org/W627026339,gnn,63
https://openalex.org/W872116338,gnn,64
https://openalex.org/W581672076,gnn,65
https://openalex.org/W245527882,gnn,66
https://openalex.org/W793255966,gnn,67
https://openalex.org/W66827509,gnn,68
https://openalex.org/W618683817,gnn,69
https://openalex.org/W310216135,gnn,70
https://openalex.org/W627705061,gnn,71
https://openalex.org/W669501871,gnn,72
https://openalex.org/W885311993,gnn,73
https://openalex.org/W190068963,gnn,74
https://openalex.org/W299956072,gnn,75
https://openalex.org/W398987933,gnn,76
https://openalex.org/W435344064,gnn,77
https://openalex.org/W661788408,gnn,78
https://openalex.org/W864720829,gnn,79
https://openalex.org/W609175838,gnn,80
https://openalex.org/W107781185,gnn,81
https://openalex.org/W453301849,gnn,82
https://openalex.org/W26774200,gnn,83
https://openalex.org/W469715192,gnn,84
https://openalex.org/W941228867,gnn,85
https://openalex.org/W26523949,gnn,86
https://openalex.org/W203637417,gnn,87
https://openalex.org/W503731170,gnn,88
https://openalex.org/W130487776,gnn,89
https://openalex.org/W953602144,gnn,90
https://openalex.org/W822736414,gnn,91
https://openalex.org/W905233597,gnn,92
https://openalex.org/W820781918,gnn,93
https://openalex.org/W875179298,gnn,94
https://openalex.org/W365398044,gnn,95
https://openalex.org/W895713147,gnn,96
https://openalex.org/W752959521,gnn,97
https://openalex.org/W195024916,gnn,98
https://openalex.org/W810193665,gnn,99
https://openalex.org/W790216709,gnn,100
https://openalex.org/W567956309,gnn,101
https://openalex.org/W315447119,gnn,102
https://openalex.org/W901296337,gnn,103
https://openalex.org/W156866454,gnn,104
https://openalex.org/W141465178,gnn,105
https://openalex.org/W389520923,gnn,106
https://openalex.org/W792929024,gnn,107
https://openalex.org/W930379600,gnn,108
https://openalex.org/W133963658,gnn,109
https://openalex.org/W932893184,gnn,110
https://openalex.org/W376896,gnn,111
https://openalex.org/W30669544,gnn,112
https://openalex.org/W556500125,gnn,113
https://openalex.org/W88192780,gnn,114
https://openalex.org/W596664006,gnn,115
https://openalex.org/W976896139,gnn,116
https://openalex.org/W793867970,gnn,117
https://openalex.org/W999589678,gnn,118
https://openalex.org/W616181628,gnn,119
https://openalex.org/W366439433,diverse,120
https://openalex.org/W343779028,diverse,121
https://openalex.org/W203233888,diverse,122
https://openalex.org/W476504446,diverse,123
https://openalex.org/W139613444,diverse,124
https://openalex.org/W563933009,diverse,125
https://openalex.org/W416996126,diverse,126
https://openalex.org/W38888723,diverse,127
https://openalex.org/W921337638,diverse,128
https://openalex.org/W426374583,diverse,129
https://openalex.org/W372738676,diverse,130
https://openalex.org/W658731267,diverse,131
https://openalex.org/W56071940,diverse,132
https://openalex.org/W382531755,diverse,133
https://openalex.org/W915293333,diverse,134
https://openalex.org/W756684663,diverse,135
https://openalex.org/W37427504,diverse,136
https://openalex.org/W39687721,diverse,137
https://openalex.org/W936804860,diverse,138
https://openalex.org/W304566144,diverse,139
https://openalex.org/W167380587,diverse,140
https://openalex.org/W551558467,diverse,141
https://openalex.org/W71870735,diverse,142
https://openalex.org/W489230341,diverse,143
https://openalex.org/W203868946,diverse,144
https://openalex.org/W418663289,diverse,145
https://openalex.org/W749116228,diverse,146
https://openalex.org/W432463288,diverse,147
https://openalex.org/W700391312,diverse,148
https://openalex.org/W361538893,diverse,149
https://openalex.org/W502409655,diverse,150
https://openalex.org/W389334029,diverse,151
https://openalex.org/W514703018,diverse,152
https://openalex.org/W911942208,diverse,153
https://openalex.org/W452772569,diverse,154
https://openalex.org/W302352064,diverse,155
https://openalex.org/W839329191,diverse,156
https://openalex.org/W127380293,diverse,157
https://openalex.org/W974766789,diverse,158
https://openalex.org/W223645781,diverse,159
https://openalex.org/W763964552,diverse,160
https://openalex.org/W866699271,diverse,161
https://openalex.org/W13184181,diverse,162
https://openalex.org/W512755700,diverse,163
https://openalex.org/W493148912,diverse,164
https://openalex.org/W431070976,diverse,165
https://openalex.org/W907485448,diverse,166
https://openalex.org/W109656580,diverse,167
https://openalex.org/W970502498,diverse,168
https://openalex.org/W656615220,diverse,169
https://openalex.org/W231178599,diverse,170
https://openalex.org/W679305373,diverse,171
https://openalex.org/W556574294,diverse,172
https://openalex.org/W505989453,diverse,173
https://openalex.org/W213956458,diverse,174
https://openalex.org/W730109079,diverse,175
https://openalex.org/W871553757,diverse,176
https://openalex.org/W457370030,diverse,177
https://openalex.org/W357526211,diverse,178
https://openalex.org/W606980478,diverse,179
https://openalex.org/W728525222,diverse,180
https://openalex.org/W345308760,diverse,181
https://openalex.org/W224014189,diverse,182
https://openalex.org/W938169045,diverse,183
https://openalex.org/W579247396,diverse,184
https://openalex.org/W985101793,diverse,185
https://openalex.org/W543841994,diverse,186
https://openalex.org/W640024723,diverse,187
https://openalex.org/W220429719,diverse,188
https://openalex.org/W28083366,diverse,189
https://openalex.org/W446598956,diverse,190
https://openalex.org/W445488776,diverse,191
https://openalex.org/W627481324,diverse,192
https://openalex.org/W292375198,diverse,193
https://openalex.org/W212463798,diverse,194
https://openalex.org/W281601821,diverse,195
https://openalex.org/W948640146,diverse,196
https://openalex.org/W306217816,diverse,197
https://openalex.org/W176373017,diverse,198
https://openalex.org/W238919461,diverse,199
https://openalex.org/W371522439,diverse,200
https://openalex.org/W140175138,diverse,201
https://openalex.org/W869570009,diverse,202
https://openalex.org/W608386861,diverse,203
https://openalex.org/W10794300,diverse,204
https://openalex.org/W746681060,diverse,205
https://openalex.org/W764297042,diverse,206
https://openalex.org/W65585684,diverse,207
https://openalex.org/W678696114,diverse,208
https://openalex.org/W695854644,diverse,209
https://openalex.org/W71187723,diverse,210
https://openalex.org/W879291031,diverse,211
https://openalex.org/W91671330,diverse,212
https://openalex.org/W342693822,diverse,213
https://openalex.org/W173246210,diverse,214
https://openalex.org/W776819434,diverse,215
https://openalex.org/W775568383,diverse,216
https://openalex.org/W999075903,diverse,217
https://openalex.org/W216391355,diverse,218
https://openalex.org/W737614885,diverse,219
https://openalex.org/W609978234,diverse,220
https://openalex.org/W122623614,diverse,221
https://openalex.org/W602974939,diverse,222
https://openalex.org/W862789428,diverse,223
https://openalex.org/W522861380,diverse,224
https://openalex.org/W583714581,diverse,225
https://openalex.org/W637443413,diverse,226
https://openalex.org/W543991663,diverse,227
https://openalex.org/W428761936,diverse,228
https://openalex.org/W395282498,diverse,229
https://openalex.org/W411138156,diverse,230
https://openalex.org/W91448825,diverse,231
https://openalex.org/W231136671,diverse,232
https://openalex.org/W582875447,diverse,233
https://openalex.org/W713898562,diverse,234
https://openalex.org/W970069538,diverse,235
https://openalex.org/W780101781,diverse,236
https://openalex.org/W640358209,diverse,237
https://openalex.org/W69227875,diverse,238
https://openalex.org/W901396378,diverse,239
